Datasheet,Image,DK Part #,Mfr Part #,Mfr,Supplier,Description,Stock,Price,@ qty,Min Qty, Package,Series,Product Status,"Type","Bidirectional Channels","Voltage - Reverse Standoff (Typ)","Voltage - Breakdown (Min)","Voltage - Clamping (Max) @ Ipp","Current - Peak Pulse (10/1000µs)","Power - Peak Pulse","Power Line Protection","Applications","Capacitance @ Frequency","Operating Temperature","Mounting Type","Package / Case","Supplier Device Package","Grade","Qualification","URL"
"https://www.comchiptech.com/admin/files/product/CPDT-12V RevB364124.pdf","//mm.digikey.com/Volume0/opasdata/d220001/medias/images/6349/641%7ESOT23-3%7E%7E3.jpg","641-1398-2-ND,641-1398-1-ND,641-1398-6-ND","CPDT-12V","Comchip Technology","Comchip Technology","TVS DIODE 12VWM 25VC SOT23-3","9,338","0.73","0","1","Tape & Reel (TR),Cut Tape (CT),Digi-Reel®","-","Active","Zener","2","12V","13V","25V","1A (8/20µs)","25W","No","General Purpose","-","-","Surface Mount","TO-236-3, SC-59, SOT-23-3","SOT-23-3","-","-","https://www.digikey.com/en/products/detail/comchip-technology/CPDT-12V/2075734"
"https://www.comchiptech.com/admin/files/product/CPDT6-5V4-HF RevC831377.pdf","//mm.digikey.com/Volume0/opasdata/d220001/medias/images/6349/641%7ESOT23-6%7E%7E6.jpg","641-1086-2-ND,641-1086-1-ND,641-1086-6-ND","CPDT6-5V4-HF","Comchip Technology","Comchip Technology","TVS DIODE 5VWM 15VC SOT23-6","102,115","0.78","0","1","Tape & Reel (TR),Cut Tape (CT),Digi-Reel®","-","Active","Zener","4","5V","5.1V","15V","5A (8/20µs)","75W","No","General Purpose","-","-","Surface Mount","SOT-23-6","SOT-23-6","-","-","https://www.digikey.com/en/products/detail/comchip-technology/CPDT6-5V4-HF/1121118"
"https://www.comchiptech.com/admin/files/product/CPDT-24V-HF Rev B183718.pdf","//mm.digikey.com/Volume0/opasdata/d220001/medias/images/6349/641%7ESOT23-3%7E%7E3.jpg","641-1399-2-ND,641-1399-1-ND,641-1399-6-ND","CPDT-24V","Comchip Technology","Comchip Technology","TVS DIODE 24VWM 47VC SOT23-3","9,326","0.77","0","1","Tape & Reel (TR),Cut Tape (CT),Digi-Reel®","-","Active","Zener","2","24V","25V","47V","1A (8/20µs)","47W","No","General Purpose","-","-","Surface Mount","TO-236-3, SC-59, SOT-23-3","SOT-23-3","-","-","https://www.digikey.com/en/products/detail/comchip-technology/CPDT-24V/2075735"
"https://www.comchiptech.com/admin/files/product/CPDT6-24V4-HF RevB592145.pdf","//mm.digikey.com/Volume0/opasdata/d220001/medias/images/6349/641%7ESOT23-6%7E%7E6.jpg","641-1087-2-ND,641-1087-1-ND,641-1087-6-ND","CPDT6-24V4-HF","Comchip Technology","Comchip Technology","TVS DIODE 24VWM 47VC SOT23-6","11,671","1.57","0","1","Tape & Reel (TR),Cut Tape (CT),Digi-Reel®","-","Active","Zener","4","24V","25V","47V","1A (8/20µs)","47W","No","General Purpose","-","-","Surface Mount","SOT-23-6","SOT-23-6","-","-","https://www.digikey.com/en/products/detail/comchip-technology/CPDT6-24V4-HF/1121119"
"https://www.comchiptech.com/admin/files/product/12028_20190315103021.pdf","//mm.digikey.com/Volume0/opasdata/d220001/medias/images/6387/641%7E0402C-03%28SOT883%29%7E%7E3.jpg","641-2047-2-ND,641-2047-1-ND,641-2047-6-ND","CPDQ03C5V0HP-HF","Comchip Technology","Comchip Technology","TVS DIODE 5VWM 15VC 0402C03","4,396","0.35","0","1","Tape & Reel (TR),Cut Tape (CT),Digi-Reel®","-","Active","Zener","2","5V (Max)","5.5V","15V","3A (8/20µs)","45W","No","General Purpose","6pF @ 1MHz","-40°C ~ 125°C (TJ)","Surface Mount","SC-101, SOT-883","0402C-03/SOT-883","-","-","https://www.digikey.com/en/products/detail/comchip-technology/CPDQ03C5V0HP-HF/10106877"
"https://www.comchiptech.com/admin/files/product/CPDT-5V0-HF RevC341466.pdf","//mm.digikey.com/Volume0/opasdata/d220001/medias/images/6349/641%7ESOT23-3%7E%7E3.jpg","641-1198-2-ND,641-1198-1-ND,641-1198-6-ND","CPDT-5V0-HF","Comchip Technology","Comchip Technology","TVS DIODE 5VWM 15VC SOT23-3","14,853","0.88","0","1","Tape & Reel (TR),Cut Tape (CT),Digi-Reel®","-","Active","Zener","2","5V","5.1V","15V","5A (8/20µs)","75W","No","General Purpose","-","-","Surface Mount","TO-236-3, SC-59, SOT-23-3","SOT-23-3","-","-","https://www.digikey.com/en/products/detail/comchip-technology/CPDT-5V0-HF/1559042"
"https://www.comchiptech.com/admin/files/product/QW-JP020%20CPDT-12V-HF%20RevC.PDF","//mm.digikey.com/Volume0/opasdata/d220001/medias/images/6349/641%7ESOT23-3%7E%7E3.jpg","641-CPDT-12V-HFTR-ND,641-CPDT-12V-HFCT-ND,641-CPDT-12V-HFDKR-ND","CPDT-12V-HF","Comchip Technology","Comchip Technology","TVS DIODE 12VWM 25VC SOT23-3","2,730","0.66","0","1","Tape & Reel (TR),Cut Tape (CT),Digi-Reel®","-","Active","Zener","2","12V","13V","25V","1A (8/20µs)","25W","No","General Purpose","12pF @ 1MHz","125°C (TJ)","Surface Mount","TO-236-3, SC-59, SOT-23-3","SOT-23-3","-","-","https://www.digikey.com/en/products/detail/comchip-technology/CPDT-12V-HF/24759467"
"https://www.comchiptech.com/admin/files/product/QW-G7117%20CPDA10C60VB-HF%20RevB.pdf","//mm.digikey.com/Volume0/opasdata/d220001/medias/images/4847/600_10-UFDFN.jpg","641-CPDA10C60VB-HFTR-ND,641-CPDA10C60VB-HFCT-ND,641-CPDA10C60VB-HFDKR-ND","CPDA10C60VB-HF","Comchip Technology","Comchip Technology","TVS DIODE 60VWM 110VC DFN251010","2,870","0.83","0","1","Tape & Reel (TR),Cut Tape (CT),Digi-Reel®","-","Active","Zener","4","60V (Max)","65V","110V","1.8A (8/20µs)","198W","No","General Purpose","6pF @ 1MHz","-55°C ~ 150°C (TJ)","Surface Mount","10-UFDFN","DFN2510-10","-","-","https://www.digikey.com/en/products/detail/comchip-technology/CPDA10C60VB-HF/16276403"
"https://www.comchiptech.com/admin/files/product/ACPDT-24V%20RevA.pdf","//mm.digikey.com/Volume0/opasdata/d220001/medias/images/6349/641%7ESOT23-3%7E%7E3.jpg","641-1671-2-ND,641-1671-1-ND,641-1671-6-ND","ACPDT-24V","Comchip Technology","Comchip Technology","TVS DIODE 24VWM 47VC SOT23-3","307","0.93","0","1","Tape & Reel (TR),Cut Tape (CT),Digi-Reel®","-","Active","Zener","2","24V","25V","47V","1A (8/20µs)","47W","No","-","10pF @ 1MHz","-","Surface Mount","TO-236-3, SC-59, SOT-23-3","SOT-23-3","Automotive","AEC-Q101","https://www.digikey.com/en/products/detail/comchip-technology/ACPDT-24V/5034505"
"https://www.comchiptech.com/admin/files/product/CPDT-24V-HF Rev B183718.pdf","//mm.digikey.com/Volume0/opasdata/d220001/medias/images/6349/641%7ESOT23-3%7E%7E3.jpg","641-1197-2-ND,641-1197-1-ND,641-1197-6-ND","CPDT-24V-HF","Comchip Technology","Comchip Technology","TVS DIODE 24VWM 47VC SOT23-3","57","0.77","0","1","Tape & Reel (TR),Cut Tape (CT),Digi-Reel®","-","Active","Zener","2","24V","25V","47V","1A (8/20µs)","47W","No","General Purpose","-","-","Surface Mount","TO-236-3, SC-59, SOT-23-3","SOT-23-3","-","-","https://www.digikey.com/en/products/detail/comchip-technology/CPDT-24V-HF/1559041"
"https://www.comchiptech.com/admin/files/product/CPDTR035V0C-HF%20RevA.pdf","-","CPDTR035V0C-HF-ND","CPDTR035V0C-HF","Comchip Technology","Comchip Technology","TVS DIODE 5VWM SOT23F","0","0.08242","0","3000","Tape & Reel (TR)","-","Obsolete","Zener","2","5V","6.1V","-","-","-","No","General Purpose","-","-","Surface Mount","3-SMD, No Lead","SOT-23F","-","-","https://www.digikey.com/en/products/detail/comchip-technology/CPDTR035V0C-HF/3308681"
"https://www.comchiptech.com/admin/files/product/QW-JP098%20CPDT-5V0P-HF%20RevA.pdf","//mm.digikey.com/Volume0/opasdata/d220001/medias/images/6349/641%7ESOT23-3%7E%7E3.jpg","641-CPDT-5V0P-HFTR-ND","CPDT-5V0P-HF","Comchip Technology","Comchip Technology","TVS DIODE 5VWM 17VC SOT23-3","0","0.08849","0","3000","Tape & Reel (TR)","-","Active","Zener","2","5V (Max)","5.6V","17V","6A (8/20µs)","102W","No","General Purpose","6.5pF @ 1MHz","-55°C ~ 125°C (TJ)","Surface Mount","TO-236-3, SC-59, SOT-23-3","SOT-23-3","-","-","https://www.digikey.com/en/products/detail/comchip-technology/CPDT-5V0P-HF/16740290"
"https://www.comchiptech.com/admin/files/product/CPDV3-5V0C-HF RevB179206.pdf","//mm.digikey.com/Volume0/opasdata/d220001/medias/images/6349/641%7ESOT323%7E%7E3.jpg","CPDV3-5V0C-HF-ND","CPDV3-5V0C-HF","Comchip Technology","Comchip Technology","TVS DIODE 5VWM SOT323","0","0.09202","0","3000","Tape & Reel (TR)","-","Active","Zener","2","5V","6.1V","-","-","-","No","General Purpose","-","-","Surface Mount","SC-70, SOT-323","SOT-323","-","-","https://www.digikey.com/en/products/detail/comchip-technology/CPDV3-5V0C-HF/3308694"
"https://www.comchiptech.com/admin/files/product/CPDTR055V0C-HF-RevA.pdf","-","CPDTR055V0C-HF-ND","CPDTR055V0C-HF","Comchip Technology","Comchip Technology","TVS DIODE 5VWM SOT23F5P","0","0.10563","0","3000","Tape & Reel (TR)","-","Obsolete","Zener","4","5V","6.1V","-","-","-","No","General Purpose","-","-","Surface Mount","6-SMD (5 Leads), No Lead","SOT-23F-5P","-","-","https://www.digikey.com/en/products/detail/comchip-technology/CPDTR055V0C-HF/3308683"
"https://www.comchiptech.com/admin/files/product/QW-JP062%20CPDT-24VE-HF%20RevA.pdf","//mm.digikey.com/Volume0/opasdata/d220001/medias/images/6349/641%7ESOT23-3%7E%7E3.jpg","641-CPDT-24VE-HFTR-ND","CPDT-24VE-HF","Comchip Technology","Comchip Technology","TVS DIODE 24VWM 46VC SOT23-3","0","0.11599","0","3000","Tape & Reel (TR)","-","Active","Zener","2","24V (Max)","26.5V","46V","3A (8/20µs)","138W","No","General Purpose","13pF @ 1MHz","-55°C ~ 125°C (TJ)","Surface Mount","TO-236-3, SC-59, SOT-23-3","SOT-23-3","-","-","https://www.digikey.com/en/products/detail/comchip-technology/CPDT-24VE-HF/13550504"
"https://www.comchiptech.com/admin/files/product/CPDT-5V0C-HF RevB179434.pdf","//mm.digikey.com/Volume0/opasdata/d220001/medias/images/6349/641%7ESOT23-3%7E%7E3.jpg","CPDT-5V0C-HF-ND","CPDT-5V0C-HF","Comchip Technology","Comchip Technology","TVS DIODE 5VWM SOT23-3","0","0.11976","0","3000","Tape & Reel (TR)","-","Active","Zener","2","5V","6.1V","-","-","-","No","General Purpose","-","-","Surface Mount","TO-236-3, SC-59, SOT-23-3","SOT-23-3","-","-","https://www.digikey.com/en/products/detail/comchip-technology/CPDT-5V0C-HF/3308672"
"https://www.comchiptech.com/admin/files/product/AQW-JP007%20ACPDT-24VE-HF%20RevB.pdf","//mm.digikey.com/Volume0/opasdata/d220001/medias/images/6349/641%7ESOT23-3%7E%7E3.jpg","641-ACPDT-24VE-HFTR-ND","ACPDT-24VE-HF","Comchip Technology","Comchip Technology","TVS DIODE 24VWM 46VC SOT23-3","0","0.12431","0","3000","Tape & Reel (TR)","-","Active","Zener","2","24V (Max)","26.5V","46V","3A (8/20µs)","138W","No","-","13pF @ 1MHz","-55°C ~ 150°C (TJ)","Surface Mount","TO-236-3, SC-59, SOT-23-3","SOT-23-3","Automotive","AEC-Q101","https://www.digikey.com/en/products/detail/comchip-technology/ACPDT-24VE-HF/13550382"
"https://www.comchiptech.com/admin/files/product/CPDTR0312V-HF-%20RevA.pdf","-","CPDTR0312V-HF-ND","CPDTR0312V-HF","Comchip Technology","Comchip Technology","TVS DIODE 12VWM 25VC SOT23F","0","0.12889","0","3000","Tape & Reel (TR)","-","Obsolete","Zener","2","12V","13V","25V","1A (8/20µs)","25W","No","General Purpose","-","-","Surface Mount","3-SMD, No Lead","SOT-23F","-","-","https://www.digikey.com/en/products/detail/comchip-technology/CPDTR0312V-HF/3308678"
"https://www.comchiptech.com/admin/files/product/CPDA10R5V0P-HF RevA287080.pdf","//mm.digikey.com/Volume0/opasdata/d220001/medias/images/4847/600_10-UFDFN.jpg","641-1750-2-ND","CPDA10R5V0P-HF","Comchip Technology","Comchip Technology","TVS DIODE 5VWM 13VC 10DFN","0","0.14586","0","3000","Tape & Reel (TR)","-","Obsolete","Zener","4","5V (Max)","6V","13V (Typ)","2A (8/20µs)","60W","No","General Purpose","0.25pF @ 1MHz","-55°C ~ 125°C (TA)","Surface Mount","10-UFDFN","10-DFN (2.5x1)","-","-","https://www.digikey.com/en/products/detail/comchip-technology/CPDA10R5V0P-HF/5400859"
"https://www.comchiptech.com/admin/files/product/CPDT-5V0-HF RevC341466.pdf","//mm.digikey.com/Volume0/opasdata/d220001/medias/images/6349/641%7ESOT23-3%7E%7E3.jpg","641-1297-2-ND","CPDT-5V0","Comchip Technology","Comchip Technology","TVS DIODE 5VWM 15VC SOT23-3","0","0.15094","0","3000","Tape & Reel (TR)","-","Obsolete","Zener","2","5V","5.1V","15V","5A (8/20µs)","75W","No","General Purpose","-","-","Surface Mount","TO-236-3, SC-59, SOT-23-3","SOT-23-3","-","-","https://www.digikey.com/en/products/detail/comchip-technology/CPDT-5V0/1973531"
"https://www.comchiptech.com/admin/files/product/CPDA10R5V0SP-HF RevA617687.pdf","//mm.digikey.com/Volume0/opasdata/d220001/medias/images/4847/600_10-UFDFN.jpg","641-1751-2-ND","CPDA10R5V0SP-HF","Comchip Technology","Comchip Technology","TVS DIODE 5VWM 12VC 10DFN","0","0.15094","0","3000","Tape & Reel (TR)","-","Obsolete","Zener","4","5V (Max)","6V","12V (Typ)","1A (8/20µs)","60W","No","General Purpose","0.15pF @ 1MHz","-55°C ~ 125°C (TA)","Surface Mount","10-UFDFN","10-DFN (2.5x1)","-","-","https://www.digikey.com/en/products/detail/comchip-technology/CPDA10R5V0SP-HF/5400860"
"https://www.comchiptech.com/admin/files/product/CPDTR0324V-HF-%20RevA.pdf","-","CPDTR0324V-HF-ND","CPDTR0324V-HF","Comchip Technology","Comchip Technology","TVS DIODE 24VWM 47VC SOT23F","0","0.15104","0","3000","Tape & Reel (TR)","-","Obsolete","Zener","2","24V","25V","47V","1A (8/20µs)","47W","No","General Purpose","-","-","Surface Mount","3-SMD, No Lead","SOT-23F","-","-","https://www.digikey.com/en/products/detail/comchip-technology/CPDTR0324V-HF/3308680"
"//mm.digikey.com/Volume0/opasdata/d220001/medias/docus/511/CPDT5-5V0.pdf","//mm.digikey.com/Volume0/opasdata/d220001/medias/images/4819/SOT25.jpg","CPDT5-5V0-ND","CPDT5-5V0","Comchip Technology","Comchip Technology","TVS DIODE 5VWM 15VC SOT23-5","0","0.16405","0","3000","Tape & Reel (TR)","-","Obsolete","Zener","4","5V","5.1V","15V","5A (8/20µs)","75W","No","General Purpose","-","-","Surface Mount","SC-74A, SOT-753","SOT-23-5","-","-","https://www.digikey.com/en/products/detail/comchip-technology/CPDT5-5V0/3308669"
"https://www.comchiptech.com/admin/files/product/AQW-JP010%20ACPDT-24CAN-HF%20RevA.pdf","//mm.digikey.com/Volume0/opasdata/d220001/medias/images/6349/641%7ESOT23-3%7E%7E3.jpg","641-ACPDT-24CAN-HFTR-ND","ACPDT-24CAN-HF","Comchip Technology","Comchip Technology","TVS DIODE 24VWM 70VC SOT23-3","0","0.17523","0","3000","Tape & Reel (TR)","-","Active","Zener","2","24V (Max)","25.4V","70V","3A (8/20µs)","200W","No","-","11pF @ 1MHz","-65°C ~ 125°C (TA)","Surface Mount","TO-236-3, SC-59, SOT-23-3","SOT-23-3","Automotive","AEC-Q101","https://www.digikey.com/en/products/detail/comchip-technology/ACPDT-24CAN-HF/16740262"
"https://www.comchiptech.com/admin/files/product/AQW-JP011%20ASM24BC-HF%20RevA.pdf","//mm.digikey.com/Volume0/opasdata/d220001/medias/images/6349/641%7ESOT23-3%7E%7E3.jpg","641-ASM24BC-HFTR-ND","ASM24BC-HF","Comchip Technology","Comchip Technology","TVS DIODE 24VWM 52VC SOT23-3","0","0.19077","0","3000","Tape & Reel (TR)","-","Active","Zener","2","24V (Max)","26.2V","52V","7A (8/20µs)","364W","No","-","30pF @ 1MHz (Max)","-55°C ~ 125°C (TJ)","Surface Mount","TO-236-3, SC-59, SOT-23-3","SOT-23-3","Automotive","AEC-Q101","https://www.digikey.com/en/products/detail/comchip-technology/ASM24BC-HF/16740252"
"//mm.digikey.com/Volume0/opasdata/d220001/medias/docus/371/CPDT6-24V4.pdf","//mm.digikey.com/Volume0/opasdata/d220001/medias/images/6349/641%7ESOT23-6%7E%7E6.jpg","CPDT6-24V4-ND","CPDT6-24V4","Comchip Technology","Comchip Technology","TVS DIODE 24VWM 47VC SOT23-6","0","0.19438","0","3000","Tape & Reel (TR)","-","Obsolete","Zener","4","24V","25V","47V","1A (8/20µs)","47W","No","General Purpose","-","-","Surface Mount","SOT-23-6","SOT-23-6","-","-","https://www.digikey.com/en/products/detail/comchip-technology/CPDT6-24V4/2606392"
"//mm.digikey.com/Volume0/opasdata/d220001/medias/docus/2514/CE%20Series.pdf","//mm.digikey.com/Volume0/opasdata/d220001/medias/images/6349/641%7ESOT23-6%7E%7E6.jpg","641-1199-2-ND","CECS0624V-G","Comchip Technology","Comchip Technology","TVS DIODE 24VWM 25VC SOT23-6","0","0.22214","0","3000","Tape & Reel (TR)","-","Obsolete","Zener","5","24V","25V","25V","15A (8/20µs)","-","No","General Purpose","-","-55°C ~ 125°C (TA)","Surface Mount","SOT-23-6","SOT-23-6","-","-","https://www.digikey.com/en/products/detail/comchip-technology/CECS0624V-G/1559043"
"//mm.digikey.com/Volume0/opasdata/d220001/medias/docus/2514/CE%20Series.pdf","//mm.digikey.com/Volume0/opasdata/d220001/medias/images/6349/641%7ESOT23-6%7E%7E6.jpg","641-1200-2-ND","CECS065V0-G","Comchip Technology","Comchip Technology","TVS DIODE 5VWM 7VC SOT23-6","0","0.22214","0","3000","Tape & Reel (TR)","-","Obsolete","Zener","5","5V","5.1V","7V","5.1A (8/20µs)","-","No","General Purpose","-","-55°C ~ 125°C (TA)","Surface Mount","SOT-23-6","SOT-23-6","-","-","https://www.digikey.com/en/products/detail/comchip-technology/CECS065V0-G/1559044"
"//mm.digikey.com/Volume0/opasdata/d220001/medias/docus/2514/CE%20Series.pdf","//mm.digikey.com/Volume0/opasdata/d220001/medias/images/4819/SOT25.jpg","CEDS0524V-G-ND","CEDS0524V-G","Comchip Technology","Comchip Technology","TVS DIODE 24VWM 25VC SOT23-5","0","0.22214","0","3000","Tape & Reel (TR)","-","Obsolete","Zener","4","24V","25V","25V","15A (8/20µs)","-","No","General Purpose","-","-55°C ~ 125°C (TA)","Surface Mount","SC-74A, SOT-753","SOT-23-5","-","-","https://www.digikey.com/en/products/detail/comchip-technology/CEDS0524V-G/1678379"
"//mm.digikey.com/Volume0/opasdata/d220001/medias/docus/2514/CE%20Series.pdf","//mm.digikey.com/Volume0/opasdata/d220001/medias/images/4819/SOT25.jpg","CEDS055V0-G-ND","CEDS055V0-G","Comchip Technology","Comchip Technology","TVS DIODE 5VWM 7VC SOT23-5","0","0.22214","0","3000","Tape & Reel (TR)","-","Obsolete","Zener","4","5V","5.1V","7V","5.1A (8/20µs)","-","No","General Purpose","-","-55°C ~ 125°C (TA)","Surface Mount","SC-74A, SOT-753","SOT-23-5","-","-","https://www.digikey.com/en/products/detail/comchip-technology/CEDS055V0-G/1678380"
"https://www.comchiptech.com/admin/files/product/CPDVR085V0C-HF-RevB.pdf","//mm.digikey.com/Volume0/opasdata/d220001/medias/images/6258/641%7ESOT383F%7E%7E8.jpg","CPDVR085V0C-HF-ND","CPDVR085V0C-HF","Comchip Technology","Comchip Technology","TVS DIODE 5VWM SOT383F","0","0.2387","0","3000","Tape & Reel (TR)","-","Active","Zener","4","5V","6.1V","-","-","-","No","General Purpose","-","-","Surface Mount","SOT-383F","SOT-383F","-","-","https://www.digikey.com/en/products/detail/comchip-technology/CPDVR085V0C-HF/3308701"
"https://www.comchiptech.com/admin/files/product/CT%20Series-G%20RevB.pdf","//mm.digikey.com/Volume0/opasdata/d220001/medias/images/6349/641%7ESOT23-6%7E%7E6.jpg","641-1204-2-ND","CTDS0624V-G","Comchip Technology","Comchip Technology","TVS DIODE 24VWM 43VC SOT23-6","0","0.37859","0","3000","Tape & Reel (TR)","-","Obsolete","Zener","4","24V","26.7V","43V","5A (8/20µs)","300W","No","General Purpose","-","-55°C ~ 125°C (TJ)","Surface Mount","SOT-23-6","SOT-23-6","-","-","https://www.digikey.com/en/products/detail/comchip-technology/CTDS0624V-G/1559049"
"https://www.comchiptech.com/admin/files/product/CT%20Series-G%20RevB.pdf","//mm.digikey.com/Volume0/opasdata/d220001/medias/images/6349/641%7ESOT23-6%7E%7E6.jpg","641-1205-2-ND","CTDS065V0-G","Comchip Technology","Comchip Technology","TVS DIODE 5VWM 10VC SOT23-6","0","0.37859","0","3000","Tape & Reel (TR)","-","Obsolete","Zener","4","5V","6V","10V","17A (8/20µs)","300W","No","General Purpose","-","-55°C ~ 125°C (TJ)","Surface Mount","SOT-23-6","SOT-23-6","-","-","https://www.digikey.com/en/products/detail/comchip-technology/CTDS065V0-G/1559050"
"https://www.comchiptech.com/admin/files/product/CT%20Series-G%20RevB.pdf","//mm.digikey.com/Volume0/opasdata/d220001/medias/images/375/14-SOIC.jpg","641-1090-2-ND","CTAN1424V-G","Comchip Technology","Comchip Technology","TVS DIODE 24VWM 43VC 14SOIC","0","0.4149","0","2500","Tape & Reel (TR)","-","Obsolete","Zener","5","24V","26.7V","43V","5A (8/20µs)","300W","No","General Purpose","-","-55°C ~ 125°C (TJ)","Surface Mount","14-SOIC (0.154"", 3.90mm Width)","14-SOIC","-","-","https://www.digikey.com/en/products/detail/comchip-technology/CTAN1424V-G/1121122"
"//mm.digikey.com/Volume0/opasdata/d220001/medias/docus/1062/CLCS145V0-G.pdf","//mm.digikey.com/Volume0/opasdata/d220001/medias/images/6256/641%7ESOT143%7E%7E4.jpg","641-1203-2-ND","CLCS145V0-G","Comchip Technology","Comchip Technology","TVS DIODE 5VWM 13VC SOT143","0","0.9702","0","1002000","Tape & Reel (TR)","-","Not For New Designs","Zener","2","5V","6V","13V","5.1A (8/20µs)","-","No","General Purpose","-","-55°C ~ 155°C (TJ)","Surface Mount","TO-253-4, TO-253AA","SOT-143","-","-","https://www.digikey.com/en/products/detail/comchip-technology/CLCS145V0-G/1559047"
