"Product Group","Status","Compliance","Interface","Number of Lines","Direction","C Max (pF)","V(BR) Min (V)","VRWM Max (V)","IR Max (µA)","PPK Max (W)","Package Size (mm)","Package Type","MSL Type","MSL Temp (°C)","Reference Price",
"BZG03C150G","Active","H Pb   ","-, ","-, ","-, ","-, ","-, ","-, ","-, ","-, ","2.60 x 5.10 x 1.00, ","SMA-2 ","1 ","260 ","0.0984 ",
"BZG03C15G","Active","H Pb   ","-, ","-, ","-, ","-, ","-, ","-, ","-, ","-, ","2.60 x 5.10 x 1.00, ","SMA-2 ","1 ","260 ","0.1268 ",
"SZCM1213A-04SO","Active","H Pb A P ","DVI, HDMI 2.0, USB 2.0, ","4, ","Unidirectional, ","2, ","6, ","3.3, ","1, ","0.225, ","3.00 x 2.75 x 1.00, ","SC-74 ","1 ","260 ","0.352 ",
"CM1213A-04SO","Active","H Pb   ","DVI, HDMI 1.2, USB 2.0, ","4, ","Unidirectional, ","2, ","6, ","3.3, ","1, ","0.225, ","3.00 x 2.75 x 1.00, ","SC-74 ","1 ","260 ","0.1469 ",
"CM1216-08MR","Consult Sales Office","H Pb   ","DVI, HDMI 1.2, ","8, ","Unidirectional, ","2, ","6, ","5.5, ","1, ","0.4, ","3.00 x 4.90 x 1.10, ","MSOP-10 ","1 ","260 ","0.0 ",
"CM1248-04QG","Consult Sales Office","H Pb   ","General I/O, ","4, ","Unidirectional, ","13, ","-, ","5, ","0.75, ","-, ","1.25 x 1.00 x 0.50, ","UDFN-6 ","1 ","260 ","0.0 ",
"CM1248-08DE","Consult Sales Office","H Pb   ","General I/O, ","8, ","Unidirectional, ","15, ","-, ","5.5, ","0.25, ","-, ","1.70 x 1.35 x 0.50, ","UDFN-8 ","1 ","260 ","0.0 ",
"CM1250-04QG","Consult Sales Office","H Pb   ","General I/O, ","4, ","Unidirectional, ","7, ","6.1, ","3.5, ","0.1, ","-, ","1.25 x 1.00 x 0.50, ","UDFN-6 ","1 ","260 ","0.0 ",
"CM1293A-04SO","Active","H Pb   ","General I/O, USB 2.0, ","4, ","Unidirectional, ","2, ","7.3, ","5.5, ","1, ","0.225, ","3.00 x 2.75 x 1.00, ","SC-74 ","1 ","260 ","0.0327 ",
"CM1641-04D4","Consult Sales Office","H Pb   ","General I/O, ","4, ","Unidirectional, ","1.5, ","6.8, ","5, ","0.1, ","-, ","1.70 x 1.35 x 0.50, ","UDFN-8 ","1 ","260 ","0.0 ",
"DF3A6.8FUT1G","Active","H Pb   ","General I/O, ","2, ","Unidirectional, ","-, ","6.4, ","5, ","0.5, ","20, ","2.00 x 2.10 x 0.90, ","SC-70-3 / SOT-323-3 ","1 ","260 ","0.0691 ",
"SZDF6A6.8FUT1G","Active","H Pb A P ","General I/O, ","4, ","Unidirectional, ","40, ","6.4, ","5, ","1, ","75, ","2.00 x 2.10 x 1.10, ","SC-88-6 / SC-70-6 / SOT-363-6 ","1 ","260 ","0.0928 ",
"DF6A6.8FUT1G","Active","H Pb   ","General I/O, ","4, ","Unidirectional, ","40, ","6.4, ","5, ","1, ","75, ","2.00 x 2.10 x 1.10, ","SC-88-6 / SC-70-6 / SOT-363-6 ","1 ","260 ","0.1327 ",
"DF6A6.8FUT2G","Active","H Pb   ","General I/O, ","4, ","Unidirectional, ","40, ","6.4, ","5, ","1, ","75, ","2.00 x 2.10 x 1.10, ","SC-88-6 / SC-70-6 / SOT-363-6 ","1 ","260 ","0.1327 ",
"SZESD1L001W1T2G","Active","H Pb A P ","Ethernet (10/100, Gigabit), USB 2.0, ","4, ","Unidirectional, ","0.5, ","16.5, ","16, ","1, ","-, ","2.00 x 2.10 x 1.10, ","SC-88-6 / SC-70-6 / SOT-363-6 ","1 ","260 ","0.2227 ",
"ESD4238MTTAG","Consult Sales Office","H Pb   ","DVI, HDMI 1.2, ","8, ","Unidirectional, ","-, ","5, ","5.5, ","1, ","-, ","4.00 x 1.60 x 0.75, ","WDFN-16 ","1 ","260 ","0.0 ",
"ESD5101FCT5G","Active","H Pb   ","Audio, General I/O, ","1, ","Bidirectional, ","5.5, ","3.68, ","3.3, ","1, ","15, ","0.435 x 0.23 x 0.18, ","DSN-2 ","1 ","260 ","0.0671 ",
"ESD5111PFCT5G","Active","H Pb   ","Audio, General I/O, ","1, ","Bidirectional, ","5.5, ","3.68, ","3.3, ","1, ","23, ","0.60 x 0.30 x 0.20, ","DFN-2 ","1 ","260 ","0.032 ",
"SESD5481MUT5G","Active","H Pb   ","General I/O, ","1, ","Bidirectional, ","15, ","5.7, ","5, ","1, ","10.7, ","0.62 x 0.32 x 0.29, ","X3DFN-2 ","1 ","260 ","0.0396 ",
"ESD5481MUT5G","Active","H Pb   ","General I/O, ","1, ","Bidirectional, ","15, ","5.7, ","5, ","1, ","10.7, ","0.62 x 0.32 x 0.29, ","X3DFN-2 ","1 ","260 ","0.0213 ",
"ESD5581N2T5G","Consult Sales Office","H Pb   ","General I/O, ","1, ","Bidirectional, ","10, ","5.2, ","5, ","0.1, ","-, ","1.00 x 0.60 x 0.37, ","X2DFN-2 ","1 ","260 ","0.0 ",
"SZESD5B5.0ST1G","Active","H Pb A P ","General I/O, ","1, ","Bidirectional, ","32, ","5.8, ","5, ","1, ","50, ","1.60 x 0.80 x 0.60, ","SOD-523-2 ","1 ","260 ","0.0276 ",
"ESD5B5.0ST5G","Active","H Pb   ","General I/O, ","1, ","Bidirectional, ","32, ","5.8, ","5, ","1, ","50, ","1.60 x 0.80 x 0.60, ","SOD-523-2 ","1 ","260 ","0.0245 ",
"ESD5B5.0ST1G","Active","H Pb   ","General I/O, ","1, ","Bidirectional, ","32, ","5.8, ","5, ","1, ","50, ","1.60 x 0.80 x 0.60, ","SOD-523-2 ","1 ","260 ","0.0245 ",
"SZESD5B5.0ST5G","Active","H Pb A P ","General I/O, ","1, ","Bidirectional, ","32, ","5.8, ","5, ","1, ","50, ","1.60 x 0.80 x 0.60, ","SOD-523-2 ","1 ","260 ","0.0276 ",
"ESD5Z6.0T5G","Active","H Pb   ","General I/O, ","1, ","Unidirectional, ","70, ","6.8, ","6, ","0.01, ","181, ","1.60 x 0.80 x 0.60, ","SOD-523-2 ","1 ","260 ","0.0211 ",
"ESD5Z3.3T1G","Active","H Pb   ","General I/O, ","1, ","Unidirectional, ","105, ","5, ","3.3, ","0.05, ","158, ","1.60 x 0.80 x 0.60, ","SOD-523-2 ","1 ","260 ","0.0211 ",
"ESD5Z5.0T1G","Active","H Pb   ","General I/O, ","1, ","Unidirectional, ","80, ","6.2, ","5, ","0.05, ","174, ","1.60 x 0.80 x 0.60, ","SOD-523-2 ","1 ","260 ","0.0211 ",
"SZESD5Z2.5T5G","Active","H Pb A P ","General I/O, ","1, ","Unidirectional, ","145, ","4, ","2.5, ","6, ","120, ","1.60 x 0.80 x 0.60, ","SOD-523-2 ","1 ","260 ","0.0256 ",
"ESD5Z6.0T1G","Active","H Pb   ","General I/O, ","1, ","Unidirectional, ","70, ","6.8, ","6, ","0.01, ","181, ","1.60 x 0.80 x 0.60, ","SOD-523-2 ","1 ","260 ","0.0211 ",
"SZESD5Z12T5G","Active","H Pb A P ","General I/O, ","1, ","Unidirectional, ","55, ","14.1, ","12, ","0.01, ","240, ","1.60 x 0.80 x 0.60, ","SOD-523-2 ","1 ","260 ","0.0256 ",
"SZESD5Z6.0T5G","Active","H Pb A P ","General I/O, ","1, ","Unidirectional, ","70, ","6.8, ","6, ","0.01, ","181, ","1.60 x 0.80 x 0.60, ","SOD-523-2 ","1 ","260 ","0.0256 ",
"ESD5Z2.5T1G","Active","H Pb   ","General I/O, ","1, ","Unidirectional, ","145, ","4, ","2.5, ","6, ","120, ","1.60 x 0.80 x 0.60, ","SOD-523-2 ","1 ","260 ","0.0211 ",
"SZESD5Z3.3T1G","Active","H Pb A P ","General I/O, ","1, ","Unidirectional, ","105, ","5, ","3.3, ","0.05, ","158, ","1.60 x 0.80 x 0.60, ","SOD-523-2 ","1 ","260 ","0.0256 ",
"SZESD5Z6.0T1G","Active","H Pb A P ","General I/O, ","1, ","Unidirectional, ","70, ","6.8, ","6, ","0.01, ","181, ","1.60 x 0.80 x 0.60, ","SOD-523-2 ","1 ","260 ","0.0256 ",
"ESD5Z2.5T5G","Active","H Pb   ","General I/O, ","1, ","Unidirectional, ","145, ","4, ","2.5, ","6, ","120, ","1.60 x 0.80 x 0.60, ","SOD-523-2 ","1 ","260 ","0.0211 ",
"ESD5Z5.0T5G","Active","H Pb   ","General I/O, ","1, ","Unidirectional, ","80, ","6.2, ","5, ","0.05, ","174, ","1.60 x 0.80 x 0.60, ","SOD-523-2 ","1 ","260 ","0.0211 ",
"ESD5Z7.0T5G","Active","H Pb   ","General I/O, ","1, ","Unidirectional, ","65, ","7.5, ","7, ","0.01, ","200, ","1.60 x 0.80 x 0.60, ","SOD-523-2 ","1 ","260 ","0.0211 ",
"SZESD5Z5.0T1G","Active","H Pb A P ","General I/O, ","1, ","Unidirectional, ","80, ","6.2, ","5, ","0.05, ","174, ","1.60 x 0.80 x 0.60, ","SOD-523-2 ","1 ","260 ","0.0256 ",
"ESD5Z12T5G","Active","H Pb   ","General I/O, ","1, ","Unidirectional, ","55, ","14.1, ","12, ","0.01, ","240, ","1.60 x 0.80 x 0.60, ","SOD-523-2 ","1 ","260 ","0.0211 ",
"SZESD5Z12T1G","Active","H Pb A P ","General I/O, ","1, ","Unidirectional, ","55, ","14.1, ","12, ","0.01, ","240, ","1.60 x 0.80 x 0.60, ","SOD-523-2 ","1 ","260 ","0.0256 ",
"ESD5Z7.0T1G","Active","H Pb   ","General I/O, ","1, ","Unidirectional, ","65, ","7.5, ","7, ","0.01, ","200, ","1.60 x 0.80 x 0.60, ","SOD-523-2 ","1 ","260 ","0.0211 ",
"SZESD5Z5.0T5G","Active","H Pb A P ","General I/O, ","1, ","Unidirectional, ","80, ","6.2, ","5, ","0.05, ","174, ","1.60 x 0.80 x 0.60, ","SOD-523-2 ","1 ","260 ","0.0256 ",
"ESD5Z12T1G","Active","H Pb   ","General I/O, ","1, ","Unidirectional, ","55, ","14.1, ","12, ","0.01, ","240, ","1.60 x 0.80 x 0.60, ","SOD-523-2 ","1 ","260 ","0.0211 ",
"ESD5Z3.3T5G","Active","H Pb   ","General I/O, ","1, ","Unidirectional, ","105, ","5, ","3.3, ","0.05, ","158, ","1.60 x 0.80 x 0.60, ","SOD-523-2 ","1 ","260 ","0.0211 ",
"SZESD7002WTT1G","Active","H Pb A P ","Ethernet (10/100, Gigabit), USB 2.0, USB 3.0, ","2, ","Unidirectional, ","0.5, ","16.5, ","16, ","1, ","-, ","2.00 x 2.10 x 0.90, ","SC-70-3 / SOT-323-3 ","1 ","260 ","0.1261 ",
"ESD7002WTT1G","Active","H Pb   ","Ethernet (10/100, Gigabit), USB 2.0, USB 3.0, ","2, ","Unidirectional, ","0.5, ","16.5, ","16, ","1, ","-, ","2.00 x 2.10 x 0.90, ","SC-70-3 / SOT-323-3 ","1 ","260 ","0.1384 ",
"SZESD7004MUTAG","Active","H Pb A P ","eSATA 2.0, HDMI 1.3/1.4, USB 3.0, ","4, ","Unidirectional, ","0.5, ","5.5, ","5, ","1, ","11.3, ","2.50 x 1.00 x 0.50, ","UDFN-10 ","1 ","260 ","0.1467 ",
"ESD7004MUTAG","Active","H Pb   ","eSATA 2.0, HDMI 1.3/1.4, USB 3.0, ","4, ","Unidirectional, ","0.5, ","5.5, ","5, ","1, ","11.3, ","2.50 x 1.00 x 0.50, ","UDFN-10 ","1 ","260 ","0.0867 ",
"ESD7008MUTAG","Active","H Pb   ","HDMI 1.3/1.4, USB 3.0, ","8, ","Bidirectional, ","0.15, ","5.5, ","5, ","1, ","-, ","5.50 x 1.50 x 0.50, ","UDFN-18 ","1 ","260 ","0.335 ",
"ESD7016MUTAG","Active","H Pb   ","USB 3.0, ","6, ","Bidirectional, ","0.2, ","5.5, ","5, ","1, ","9.6, ","3.30 x 1.00 x 0.50, ","UDFN-8 ","1 ","260 ","0.216 ",
"SZESD7016MUTAG","Active","H Pb A P ","USB 3.0, ","6, ","Bidirectional, ","0.2, ","5.5, ","5, ","1, ","9.6, ","3.30 x 1.00 x 0.50, ","UDFN-8 ","1 ","260 ","0.3015 ",
"SZESD7104MTWTAG","Active","H Pb A P ","eSATA 2.0, HDMI 1.3/1.4, USB 3.0, ","4, ","Bidirectional, ","0.35, ","5.5, ","5, ","1, ","21.3, ","2.50 x 1.00 x 0.75, ","WDFNW10 2.5x1.0, 0.5P ","1 ","260 ","0.1001 ",
"ESD7104MUTAG","Active","H Pb   ","eSATA 2.0, HDMI 1.3/1.4, USB 3.0, ","4, ","Bidirectional, ","0.35, ","5.5, ","5, ","1, ","21.3, ","2.50 x 1.00 x 0.50, ","UDFN-10 ","1 ","260 ","0.1763 ",
"SZESD7104MUTAG","Active","H Pb A P ","eSATA 2.0, HDMI 1.3/1.4, USB 3.0, ","4, ","Bidirectional, ","0.35, ","5.5, ","5, ","1, ","21.3, ","2.50 x 1.00 x 0.50, ","UDFN-10 ","1 ","260 ","0.2473 ",
"ESD7181MUT5G","Active","H Pb   ","RF Signal ESD Protection, ","1, ","Bidirectional, ","0.6, ","20.5, ","18.5, ","0.05, ","-, ","0.62 x 0.32 x 0.29, ","X3DFN-2 ","1 ","260 ","0.0583 ",
"SZESD7205DT5G","Active","H Pb A P ","Ethernet (10/100, Gigabit), USB 2.0, USB 3.0, ","2, ","Unidirectional, ","0.55, ","5.2, ","5, ","1, ","-, ","1.20 x 1.20 x 0.50, ","SOT-723-3 ","1 ","260 ","0.1193 ",
"SZESD7205WTT1G","Active","H Pb A P ","Ethernet (10/100, Gigabit), USB 2.0, USB 3.0, ","2, ","Unidirectional, ","0.85, ","5.2, ","5, ","1, ","-, ","2.00 x 2.10 x 0.90, ","SC-70-3 / SOT-323-3 ","1 ","260 ","0.1193 ",
"ESD7205DT5G","Active","H Pb   ","Ethernet (10/100, Gigabit), USB 2.0, USB 3.0, ","2, ","Unidirectional, ","0.55, ","5.2, ","5, ","1, ","-, ","1.20 x 1.20 x 0.50, ","SOT-723-3 ","1 ","260 ","0.2677 ",
"SZESD7241N2T5G","Active","H Pb A P ","USB 3.1, ","1, ","Bidirectional, ","1, ","25, ","24, ","1, ","0.3, ","1.00 x 0.60 x 0.37, ","X2DFN-2 ","1 ","260 ","0.106 ",
"ESD7241N2T5G","Active","H Pb   ","USB 3.1, ","1, ","Bidirectional, ","1, ","25, ","24, ","1, ","0.3, ","1.00 x 0.60 x 0.37, ","X2DFN-2 ","1 ","260 ","0.0808 ",
"SZESD7241MXWT5G","Active","H Pb A P ","USB 3.1, ","1, ","Bidirectional, ","1, ","25, ","24, ","1, ","0.3, ","1.00 x 0.60 x 0.37, ","X2DFNW2 ","1 ","260 ","0.0943 ",
"ESD7321MUT5G","Active","H Pb   ","USB 2.0, USB 3.0, ","1, ","Bidirectional, ","0.3, ","8, ","7, ","0.2, ","12.2, ","0.62 x 0.32 x 0.29, ","X3DFN-2 ","1 ","260 ","0.0947 ",
"SZESD7351HT1G","Active","H Pb A P ","USB 2.0, ","1, ","Unidirectional, ","0.6, ","5, ","3.3, ","0.05, ","36, ","2.50 x 1.25 x 0.90, ","SOD-323 ","1 ","260 ","0.0724 ",
"ESD7351XV2T1G","Active","H Pb   ","USB 2.0, ","1, ","Unidirectional, ","0.6, ","5, ","3.3, ","0.05, ","36, ","1.60 x 0.80 x 0.60, ","SOD-523-2 ","1 ","260 ","0.0384 ",
"SZESD7351P2T5G","Active","H Pb A P ","USB 2.0, ","1, ","Unidirectional, ","0.6, ","5, ","3.3, ","0.05, ","36, ","1.00 x 0.60 x 0.37, ","SOD-923-2 ","1 ","260 ","0.0724 ",
"ESD7351HT1G","Active","H Pb   ","USB 2.0, ","1, ","Unidirectional, ","0.6, ","5, ","3.3, ","0.05, ","36, ","2.50 x 1.25 x 0.90, ","SOD-323 ","1 ","260 ","0.0692 ",
"SZESD7361XV2T1G","Active","H Pb A P ","USB 3.0, ","1, ","Unidirectional, ","0.55, ","16.5, ","16, ","1, ","56, ","1.60 x 0.80 x 0.60, ","SOD-523-2 ","1 ","260 ","0.0835 ",
"SZESD7361P2T5G","Active","H Pb A P ","USB 3.0, ","1, ","Unidirectional, ","0.55, ","16.5, ","16, ","1, ","56, ","1.00 x 0.60 x 0.37, ","SOD-923-2 ","1 ","260 ","0.0835 ",
"ESD7381MUT5G","Active","H Pb   ","General I/O, HDMI 1.3/1.4, USB 3.0, ","1, ","Unidirectional, ","0.55, ","5, ","3.3, ","0.05, ","27, ","0.62 x 0.32 x 0.29, ","X3DFN-2 ","1 ","260 ","0.0274 ",
"ESD7382MUT5G","Active","H Pb   ","General I/O, USB 2.0, USB 3.0, ","1, ","Unidirectional, ","0.55, ","5.2, ","5, ","1, ","30, ","0.62 x 0.32 x 0.29, ","X3DFN-2 ","1 ","260 ","0.052 ",
"SZESD7410MXWT5G","Active","H Pb A P ","Ethernet (10/100, Gigabit), General I/O, ","1, ","Bidirectional, ","1, ","10, ","8, ","1, ","-, ","1.00 x 0.60 x 0.37, ","X2DFNW2 ","1 ","260 ","0.0915 ",
"SZESD7410N2T5G","Active","H Pb A P ","Ethernet (10/100, Gigabit), General I/O, ","1, ","Bidirectional, ","1, ","10, ","8, ","1, ","-, ","1.00 x 0.60 x 0.37, ","X2DFN-2 ","1 ","260 ","0.0869 ",
"ESD7421N2T5G","Active","H Pb   ","USB 2.0, USB 3.0, ","1, ","Bidirectional, ","0.6, ","16.5, ","16, ","0.5, ","0.3, ","1.00 x 0.60 x 0.39, ","XDFN-2 ","1 ","260 ","0.1661 ",
"SZESD7421N2T5G","Active","H Pb A P ","USB 2.0, USB 3.0, ","1, ","Bidirectional, ","0.6, ","10.5, ","16, ","0.5, ","0.3, ","1.00 x 0.60 x 0.39, ","XDFN-2 ","1 ","260 ","0.1665 ",
"SZESD7462N2T5G","Active","H Pb A P ","USB 3.0, ","1, ","Bidirectional, ","0.55, ","16.5, ","16, ","0.1, ","-, ","1.00 x 0.60 x 0.37, ","X2DFN-2 ","1 ","260 ","0.0676 ",
"SZESD7462MXWT5G","Active","H Pb A P ","USB 3.0, ","1, ","Bidirectional, ","0.55, ","16.5, ","16, ","0.1, ","-, ","1.00 x 0.60 x 0.37, ","X2DFNW2 ","1 ","260 ","0.0708 ",
"SZESD7481MUT5G","Active","H Pb A P ","General I/O, HDMI 1.3/1.4, USB 3.0, ","1, ","Bidirectional, ","0.4, ","5, ","3.3, ","0.05, ","35, ","0.62 x 0.32 x 0.29, ","X3DFN-2 ","1 ","260 ","0.1341 ",
"ESD7481MUT5G","Active","H Pb   ","General I/O, HDMI 1.3/1.4, USB 3.0, ","1, ","Bidirectional, ","0.4, ","5, ","3.3, ","0.05, ","35, ","0.62 x 0.32 x 0.29, ","X3DFN-2 ","1 ","260 ","0.1006 ",
"ESD7504MUTAG","Active","H Pb   ","Display Port, eSATA 3.0, ","4, ","Unidirectional, ","0.55, ","4, ","3.3, ","1, ","-, ","2.50 x 1.00 x 0.50, ","UDFN-10 ","1 ","260 ","0.0841 ",
"SZESD7551MXWT5G","Active","H Pb A P ","General I/O, ","1, ","Bidirectional, ","0.35, ","5, ","3.3, ","0.05, ","-, ","1.00 x 0.60 x 0.37, ","X2DFNW2 ","1 ","260 ","0.0393 ",
"SZESD7551N2T5G","Active","H Pb A P ","General I/O, ","1, ","Bidirectional, ","0.35, ","5, ","3.3, ","0.05, ","-, ","1.00 x 0.60 x 0.37, ","X2DFN-2 ","1 ","260 ","0.0484 ",
"ESD7551N2T5G","Active","H Pb   ","General I/O, ","1, ","Bidirectional, ","0.35, ","5, ","3.3, ","0.05, ","-, ","1.00 x 0.60 x 0.37, ","X2DFN-2 ","1 ","260 ","0.0351 ",
"SZESD7C3.3DT5G","Active","H Pb A P ","General I/O, ","2, ","Unidirectional, ","13, ","5, ","3.3, ","1, ","5.1, ","1.20 x 1.20 x 0.50, ","SOT-723-3 ","1 ","260 ","0.0639 ",
"ESD7C3.3DT5G","Active","H Pb   ","General I/O, ","2, ","Unidirectional, ","13, ","5, ","3.3, ","1, ","5.1, ","1.20 x 1.20 x 0.50, ","SOT-723-3 ","1 ","260 ","0.0696 ",
"ESD7C5.0DT5G","Active","H Pb   ","General I/O, ","2, ","Unidirectional, ","6.2, ","11, ","5, ","0.5, ","5.1, ","1.20 x 1.20 x 0.50, ","SOT-723-3 ","1 ","260 ","0.0696 ",
"ESD7L5.0DT5G","Active","H Pb   ","DVI, eSATA 2.0, USB 2.0, USB 3.0, ","2, ","Unidirectional, ","0.9, ","5.4, ","5, ","1, ","12, ","1.20 x 1.20 x 0.50, ","SOT-723-3 ","1 ","260 ","0.4051 ",
"SESD7L5.0DT5G","Active","H Pb A P ","USB 2.0, ","2, ","Unidirectional, ","0.9, ","5.4, ","5, ","1, ","12, ","1.20 x 1.20 x 0.50, ","SOT-723-3 ","1 ","260 ","0.2667 ",
"ESD7M5.0DT5G","Active","H Pb   ","USB 2.0, ","2, ","Unidirectional, ","2.5, ","5.4, ","5, ","1, ","0.15, ","1.20 x 1.20 x 0.50, ","SOT-723-3 ","1 ","260 ","0.2177 ",
"SZESD8006MUTAG","Active","H Pb A P ","Display Port, eSATA 3.0, Thunderbolt, USB 3.0, USB 3.1, ","6, ","Unidirectional, ","0.32, ","5.5, ","3.3, ","1, ","-, ","3.30 x 1.00 x 0.50, ","UDFN-8 ","1 ","260 ","0.2187 ",
"ESD8006MUTAG","Active","H Pb   ","Display Port, eSATA 3.0, Thunderbolt, USB 3.0, USB 3.1, ","6, ","Unidirectional, ","0.32, ","5.5, ","3.3, ","1, ","-, ","3.30 x 1.00 x 0.50, ","UDFN-8 ","1 ","260 ","0.316 ",
"ESD8008MUTAG","Active","H Pb   ","Display Port, Ethernet (10/100, Gigabit), ","8, ","Unidirectional, ","0.3, ","5.5, ","3.3, ","0.5, ","-, ","5.50 x 1.50 x 0.50, ","UDFN-14 ","1 ","260 ","0.2147 ",
"SZESD8011MUT5G","Active","H Pb A P ","USB 3.0, USB 3.1, ","1, ","Bidirectional, ","0.2, ","6.5, ","5.5, ","1, ","3.3, ","0.62 x 0.32 x 0.29, ","X3DFN-2 ","1 ","260 ","0.0 ",
"ESD8011MUT5G","Active","H Pb   ","USB 3.0, USB 3.1, ","1, ","Bidirectional, ","0.2, ","6.5, ","5.5, ","1, ","3.3, ","0.62 x 0.32 x 0.29, ","X3DFN-2 ","1 ","260 ","0.08 ",
"ESD8104MUTAG","Active","H Pb   ","Display Port, eSATA 3.0, HDMI 1.3/1.4, HDMI 2.0, USB 3.0, USB 3.1, ","4, ","Unidirectional, ","0.37, ","4, ","3.3, ","1, ","-, ","2.50 x 1.00 x 0.50, ","UDFN-10 ","1 ","260 ","0.1548 ",
"SZESD8351MUT5G","Active","H Pb A P ","eSATA 2.0, eSATA 3.0, USB 2.0, ","1, ","Unidirectional, ","0.55, ","5.5, ","3.3, ","0.5, ","-, ","0.62 x 0.32 x 0.29, ","X3DFN-2 ","1 ","260 ","0.0817 ",
"ESD8351XV2T1G","Active","H Pb   ","eSATA 2.0, eSATA 3.0, USB 2.0, ","1, ","Unidirectional, ","0.55, ","5.5, ","3.3, ","0.5, ","-, ","1.60 x 0.80 x 0.60, ","SOD-523-2 ","1 ","260 ","0.0407 ",
"SZESD8351XV2T1G","Active","H Pb A P ","eSATA 2.0, eSATA 3.0, USB 2.0, ","1, ","Unidirectional, ","0.55, ","5.5, ","3.3, ","0.5, ","-, ","1.60 x 0.80 x 0.60, ","SOD-523-2 ","1 ","260 ","0.0645 ",
"ESD8351MUT5G","Active","H Pb   ","eSATA 2.0, eSATA 3.0, USB 2.0, ","1, ","Unidirectional, ","0.55, ","5.5, ","3.3, ","0.5, ","-, ","0.62 x 0.32 x 0.29, ","X3DFN-2 ","1 ","260 ","0.0641 ",
"SZESD8351P2T5G","Active","H Pb A P ","eSATA 2.0, eSATA 3.0, USB 2.0, ","1, ","Unidirectional, ","0.55, ","5.5, ","3.3, ","0.5, ","-, ","1.00 x 0.60 x 0.37, ","SOD-923-2 ","1 ","260 ","0.0645 ",
"ESD8451MUT5G","Active","H Pb   ","eSATA 2.0, eSATA 3.0, USB 2.0, ","1, ","Bidirectional, ","0.3, ","5.5, ","3.3, ","0.5, ","-, ","0.62 x 0.32 x 0.29, ","X3DFN-2 ","1 ","260 ","0.1237 ",
"ESD8472MUT5G","Active","H Pb   ","USB 2.0, USB 3.0, ","1, ","Bidirectional, ","0.3, ","7, ","5.3, ","0.05, ","12.2, ","0.62 x 0.32 x 0.29, ","X3DFN-2 ","1 ","260 ","0.0291 ",
"SZESD8472MUT5G","Active","H Pb A P ","USB 2.0, USB 3.0, ","1, ","Bidirectional, ","0.3, ","7, ","5.3, ","0.05, ","12.2, ","0.62 x 0.32 x 0.29, ","X3DFN-2 ","1 ","260 ","0.0561 ",
"ESD8551N2T5G","Active","H Pb   ","eSATA 2.0, USB 2.0, ","1, ","Bidirectional, ","0.3, ","5.5, ","3.3, ","0.05, ","-, ","1.00 x 0.60 x 0.37, ","X2DFN-2 ","1 ","260 ","0.052 ",
"SZESD8551N2T5G","Active","H Pb A P ","USB 2.0, ","1, ","Bidirectional, ","0.3, ","5.5, ","3.3, ","0.05, ","-, ","1.00 x 0.60 x 0.37, ","X2DFN-2 ","1 ","260 ","0.0572 ",
"SZESD8551MXWT5G","Active","H Pb A P ","USB 2.0, ","1, ","Bidirectional, ","0.3, ","5.5, ","3.3, ","0.05, ","-, ","1.00 x 0.60 x 0.37, ","X2DFNW2 ","1 ","260 ","0.0612 ",
"SZESD8704MTWTAG","Active","H Pb A P ","USB 3.1, ","4, ","Unidirectional, ","0.5, ","5, ","3.3, ","1, ","-, ","2.50 x 1.00 x 0.75, ","WDFNW10 2.5x1.0, 0.5P ","1 ","260 ","0.1195 ",
"ESD8704MUTAG","Active","H Pb   ","USB 3.1, ","4, ","Unidirectional, ","0.5, ","5, ","3.3, ","1, ","-, ","2.50 x 1.00 x 0.50, ","UDFN-10 ","1 ","260 ","0.0981 ",
"ESD8708MUTAG","Active","H Pb   ","Display Port, Ethernet (10/100, Gigabit), V-by-One HS, ","8, ","Unidirectional, ","0.5, ","4, ","3.3, ","1, ","44, ","5.50 x 1.50 x 0.50, ","UDFN-14 ","1 ","260 ","0.2296 ",
"ESD9101P2T5G","Active","H Pb   ","HDMI 2.0, ","1, ","Unidirectional, ","0.5, ","5.3, ","5, ","1, ","-, ","1.00 x 0.60 x 0.37, ","SOD-923-2 ","1 ","260 ","0.0439 ",
"SZESD9101P2T5G","Active","H Pb A P ","HDMI 2.0, ","1, ","Unidirectional, ","0.5, ","5.3, ","5, ","1, ","-, ","1.00 x 0.60 x 0.37, ","SOD-923-2 ","1 ","260 ","0.0577 ",
"ESD9B3.3ST5G","Active","H Pb   ","General I/O, ","1, ","Bidirectional, ","15, ","5, ","3.3, ","1, ","0.3, ","1.00 x 0.60 x 0.37, ","SOD-923-2 ","1 ","260 ","0.0216 ",
"SZESD9B3.3ST5G","Active","H Pb A P ","General I/O, ","1, ","Bidirectional, ","15, ","5, ","3.3, ","1, ","0.3, ","1.00 x 0.60 x 0.37, ","SOD-923-2 ","1 ","260 ","0.0237 ",
"ESD9B5.0ST5G","Active","H Pb   ","General I/O, ","1, ","Bidirectional, ","15, ","5.8, ","5, ","1, ","0.3, ","1.00 x 0.60 x 0.37, ","SOD-923-2 ","1 ","260 ","0.0216 ",
"SZESD9B5.0ST5G","Active","H Pb A P ","General I/O, ","1, ","Bidirectional, ","15, ","5.8, ","5, ","1, ","0.3, ","1.00 x 0.60 x 0.37, ","SOD-923-2 ","1 ","260 ","0.0237 ",
"ESD9C3.3ST5G","Active","H Pb   ","General I/O, ","1, ","Unidirectional, ","13, ","5, ","3.3, ","1, ","0.15, ","1.00 x 0.60 x 0.37, ","SOD-923-2 ","1 ","260 ","0.0316 ",
"SZESD9C3.3ST5G","Active","H Pb A P ","-, ","-, ","-, ","-, ","-, ","-, ","-, ","-, ","1.00 x 0.60 x 0.37, ","SOD-923-2 ","1 ","260 ","0.0513 ",
"ESD9C5.0ST5G","Active","H Pb   ","General I/O, ","1, ","Unidirectional, ","6.2, ","11, ","5, ","0.5, ","0.15, ","1.00 x 0.60 x 0.37, ","SOD-923-2 ","1 ","260 ","0.0361 ",
"ESD9L5.0ST5G","Active","H Pb   ","USB 2.0, ","1, ","Unidirectional, ","0.9, ","5.4, ","5, ","1, ","0.15, ","1.00 x 0.60 x 0.37, ","SOD-923-2 ","1 ","260 ","0.0403 ",
"SESD9L5.0ST5G","Active","H Pb A P ","USB 2.0, ","-, ","-, ","-, ","-, ","-, ","-, ","-, ","1.00 x 0.60 x 0.37, ","SOD-923-2 ","1 ","260 ","0.0447 ",
"ESD9L3.3ST5G","Active","H Pb   ","USB 2.0, ","1, ","Unidirectional, ","0.9, ","4.8, ","3.3, ","1, ","0.15, ","1.00 x 0.60 x 0.37, ","SOD-923-2 ","1 ","260 ","0.0403 ",
"ESD9M5.0ST5G","Active","H Pb   ","USB 2.0, ","1, ","Unidirectional, ","2.5, ","5.8, ","5, ","1, ","0.15, ","1.00 x 0.60 x 0.37, ","SOD-923-2 ","1 ","260 ","0.046 ",
"SZESD9M5.0ST5G","Active","H Pb A P ","USB 2.0, ","1, ","Unidirectional, ","2.5, ","5.8, ","5, ","1, ","0.15, ","1.00 x 0.60 x 0.37, ","SOD-923-2 ","1 ","260 ","0.044 ",
"ESD9P5.0ST5G","Active","H Pb   ","USB 2.0, ","1, ","Unidirectional, ","1.3, ","5.8, ","5, ","1, ","0.15, ","1.00 x 0.60 x 0.37, ","SOD-923-2 ","1 ","260 ","0.052 ",
"ESD9R3.3ST5G","Active","H Pb   ","USB 2.0, ","1, ","Unidirectional, ","0.9, ","4.8, ","3.3, ","0.001, ","0.15, ","1.00 x 0.60 x 0.37, ","SOD-923-2 ","1 ","260 ","0.2208 ",
"SZESD9R3.3ST5G","Active","H Pb A P ","USB 2.0, ","1, ","Unidirectional, ","0.9, ","4.8, ","3.3, ","0.001, ","0.15, ","1.00 x 0.60 x 0.37, ","SOD-923-2 ","1 ","260 ","0.176 ",
"SZESD9X12ST5G","Active","H Pb A P ","General I/O, ","1, ","Unidirectional, ","30, ","13.5, ","12, ","1, ","140, ","1.00 x 0.60 x 0.37, ","SOD-923-2 ","1 ","260 ","0.0903 ",
"ESD9X7.0ST5G","Active","H Pb   ","General I/O, ","1, ","Unidirectional, ","65, ","7.5, ","7, ","0.1, ","100, ","1.00 x 0.60 x 0.37, ","SOD-923-2 ","1 ","260 ","0.0236 ",
"SZESD9X3.3ST5G","Active","H Pb A P ","General I/O, ","1, ","Unidirectional, ","80, ","5, ","3.3, ","2.5, ","102, ","1.00 x 0.60 x 0.37, ","SOD-923-2 ","1 ","260 ","0.1467 ",
"ESD9X3.3ST5G","Active","H Pb   ","General I/O, ","1, ","Unidirectional, ","80, ","5, ","3.3, ","2.5, ","102, ","1.00 x 0.60 x 0.37, ","SOD-923-2 ","1 ","260 ","0.0283 ",
"ESD9X12ST5G","Active","H Pb   ","General I/O, ","1, ","Unidirectional, ","30, ","13.5, ","12, ","1, ","140, ","1.00 x 0.60 x 0.37, ","SOD-923-2 ","1 ","260 ","0.0248 ",
"SZESD9X5.0ST5G","Active","H Pb A P ","General I/O, Thunderbolt, USB 2.0, ","1, ","Unidirectional, ","65, ","6.2, ","5, ","1, ","107, ","1.00 x 0.60 x 0.37, ","SOD-923-2 ","1 ","260 ","0.0903 ",
"ESD9X5.0ST5G","Active","H Pb   ","General I/O, Thunderbolt, USB 2.0, ","1, ","Unidirectional, ","65, ","6.2, ","5, ","1, ","107, ","1.00 x 0.60 x 0.37, ","SOD-923-2 ","1 ","260 ","0.016 ",
"SZESDL2012MX2WT5G","Active","H Pb A P ","USB 3.0, ","1, ","Bidirectional, ","0.35, ","1.4, ","1, ","0.5, ","0.312, ","1.60 x 0.80 x 0.37, ","X2DFNW2 1.60x0.80 ","1 ","260 ","0.0512 ",
"ESDL2012MX4T5G","Active","H Pb   ","Thunderbolt, USB 3.0, ","1, ","Bidirectional, ","0.23, ","1.4, ","1, ","0.5, ","0.313, ","0.60 x 0.30 x 0.20, ","DFN-2 ","1 ","260 ","0.0305 ",
"ESDL2031MX4T5G","Active","H Pb   ","USB 3.0, ","1, ","Bidirectional, ","0.55, ","5.1, ","4, ","1, ","64, ","0.60 x 0.30 x 0.20, ","DFN-2 ","1 ","260 ","0.0329 ",
"ESDL3552BPFCT5G","Active","H Pb   ","USB 2.0, USB 3.0, USB 3.1, ","2, ","Bidirectional, ","0.25, ","6.5, ","5, ","0.05, ","40, ","0.62 x 0.32 x 0.20, ","X4DFN-3 ","1 ","260 ","0.0484 ",
"ESDM1021MX4T5G","Active, New","H Pb A  ","Audio, I2C, SPI, V<sub>bus</sub>, ","1, ","Bidirectional, ","23, ","3.7, ","2, ","0.1, ","72, ","0.445 x 0.24 x 0.18, ","X4DFN-2 ","1 ","260 ","0.0 ",
"ESDM1051MX4T5G","Active","H Pb   ","General I/O, ","1, ","Bidirectional, ","24, ","6.1, ","5.5, ","0.1, ","90, ","0.445 x 0.24 x 0.18, ","X4DFN-2 ","1 ","260 ","0.0333 ",
"ESDM2032MX4T5G","Active","H Pb   ","Audio, General I/O, Power Supply Rails, SIM Card, ","1, ","Bidirectional, ","23 pF, ","3.7V, ","3.3V, ","500nA, ","120, ","0.60 x 0.30 x 0.20, ","DFN-2 ","1 ","260 ","0.0337 ",
"ESDM2033MX4T5G","Active","H Pb   ","Audio, General I/O, SIM Card, USB 2.0, ","1, ","Bidirectional, ","5.5, ","3.68, ","3.3, ","0.1, ","22, ","0.60 x 0.30 x 0.20, ","DFN-2 ","1 ","260 ","0.0372 ",
"ESDONCAN1LT3G","Active","H Pb   ","CAN, CAN-FD, ","2, ","Bidirectional, ","10, ","26.2, ","24, ","0.1, ","200, ","2.90 x 2.40 x 1.00, ","SOT-23 (TO-236) 2.90x1.30x1.00, 1.90P ","1 ","260 ","0.0829 ",
"SESDONCAN1LT3G","Active","H Pb A P ","CAN, CAN-FD, ","2, ","Bidirectional, ","10, ","26.2, ","24, ","0.1, ","200, ","2.90 x 2.40 x 1.00, ","SOT-23 (TO-236) 2.90x1.30x1.00, 1.90P ","1 ","260 ","0.1072 ",
"SESDONCAN1LT1G","Active","H Pb A P ","CAN, CAN-FD, ","2, ","Bidirectional, ","10, ","26.2, ","24, ","0.1, ","200, ","2.90 x 2.40 x 1.00, ","SOT-23 (TO-236) 2.90x1.30x1.00, 1.90P ","1 ","260 ","0.1072 ",
"ESDONCAN1LT1G","Active","H Pb   ","CAN, CAN-FD, ","2, ","Bidirectional, ","10, ","26.2, ","24, ","0.1, ","200, ","2.90 x 2.40 x 1.00, ","SOT-23 (TO-236) 2.90x1.30x1.00, 1.90P ","1 ","260 ","0.0843 ",
"SZESDR0502BT1G","Active","H Pb A P ","USB 2.0, ","2, ","Unidirectional, ","0.45, ","5.8, ","5, ","1, ","20, ","1.60 x 1.60 x 0.80, ","SC-75-3 ","1 ","260 ","0.076 ",
"ESDR0502BT1G","Active","H Pb   ","USB 2.0, ","2, ","Unidirectional, ","0.45, ","5.8, ","5, ","1, ","20, ","1.60 x 1.60 x 0.80, ","SC-75-3 ","1 ","260 ","0.066 ",
"ESDR0502NMUTAG","Active","H Pb   ","Ethernet (10/100, Gigabit), USB 2.0, ","4, ","Unidirectional, ","0.6, ","6, ","5.5, ","1, ","100, ","1.20 x 1.00 x 0.50, ","UDFN-6 ","1 ","260 ","0.0568 ",
"ESDR0502NMUTBG","Active","H Pb   ","Ethernet (10/100, Gigabit), USB 2.0, ","4, ","Unidirectional, ","0.6, ","6, ","5.5, ","1, ","100, ","1.20 x 1.00 x 0.50, ","UDFN-6 ","1 ","260 ","0.0548 ",
"ESDR0524PMUTAG","Active","H Pb   ","Display Port, DVI, eSATA 2.0, HDMI 1.3/1.4, ","4, ","Unidirectional, ","0.4, ","6, ","5, ","1, ","11.1, ","2.50 x 1.00 x 0.50, ","UDFN-10 ","1 ","260 ","0.1068 ",
"ESDU1052FCT5G","Active","H Pb   ","Audio, I2C, USB 2.0, V<sub>bus</sub>, ","1, ","Unidirectional, ","4, ","5.9, ","5.5, ","0.1, ","100, ","0.435 x 0.23 x 0.18, ","DSN2, 0.435x0.23, 0.28P ","1 ","260 ","0.0292 ",
"ESDU3121MXT5G","Active","H Pb   ","Power Supply Rails, V<sub>bus</sub>, ","1, ","Unidirectional, ","65, ","14.1, ","12, ","0.1, ","220, ","1.00 x 0.60 x 0.37, ","X2DFN-2 ","1 ","260 ","0.0295 ",
"LC03-6R2G","Active","H Pb   ","Ethernet (10/100, Gigabit), T1/E1, T3/E3, ","2, ","Unidirectional, ","25, ","6, ","5, ","20, ","2000, ","4.90 x 6.00 x 1.55, ","SOIC-8 ","1 ","260 ","0.4755 ",
"MA3075WALT1G","Active","H Pb   ","General I/O, ","2, ","Unidirectional, ","80, ","7.2, ","5, ","1, ","15, ","2.90 x 2.40 x 1.00, ","SOT-23 (TO-236) 2.90x1.30x1.00, 1.90P ","1 ","260 ","0.0807 ",
"SZMG2040MUTAG","Active","H Pb A P ","Display Port, HDMI 1.3/1.4, ","14, ","Unidirectional, ","0.42, ","5.5, ","5, ","1, ","10.7, ","5.50 x 1.50 x 0.50, ","UDFN-18 ","1 ","260 ","0.3168 ",
"MG2040MUTAG","Active","H Pb   ","Display Port, HDMI 1.3/1.4, ","14, ","Unidirectional, ","0.42, ","5.5, ","5, ","1, ","10.7, ","5.50 x 1.50 x 0.50, ","UDFN-18 ","1 ","260 ","0.3311 ",
"MMQA12VT1G","Active","H Pb   ","General I/O, ","4, ","Unidirectional, ","-, -, ","11.4, ","9.1, ","0.075, ","150, ","3.00 x 2.75 x 1.00, ","SC-74 ","1 ","260 ","0.0609 ",
"MMQA13VT1G","Consult Sales Office","H Pb   ","-, ","4, ","Unidirectional, ","-, ","12.4, ","-, ","0.075, ","24, ","3.00 x 2.75 x 1.00, ","SC-74 ","1 ","260 ","0.0 ",
"MMQA15VT1G","Active","H Pb   ","General I/O, ","4, ","Unidirectional, ","-, ","14.3, ","11, ","0.075, ","150, ","3.00 x 2.75 x 1.00, ","SC-74 ","1 ","260 ","0.0657 ",
"SZMMQA18VT1G","Active","H Pb A P ","General I/O, ","4, ","Unidirectional, ","80, ","17.1, ","14, ","0.075, ","150, ","3.00 x 2.75 x 1.00, ","SC-74 ","1 ","260 ","0.0807 ",
"MMQA18VT1G","Active","H Pb   ","General I/O, ","4, ","Unidirectional, ","80, ","17.1, ","14, ","0.075, ","150, ","3.00 x 2.75 x 1.00, ","SC-74 ","1 ","260 ","0.0767 ",
"MMQA20VT1G","Active","H Pb   ","General I/O, ","4, ","Unidirectional, ","-, -, ","19, ","21, ","0.075, ","150, ","3.00 x 2.75 x 1.00, ","SC-74 ","1 ","260 ","0.0652 ",
"MMQA27VT1G","Active","H Pb   ","General I/O, ","4, ","Unidirectional, ","-, ","25.7, ","-, ","0.075, ","150, ","3.00 x 2.75 x 1.00, ","SC-74 ","1 ","260 ","0.082 ",
"SZMMQA33VT1G","Active","H Pb A P ","General I/O, ","4, ","Unidirectional, ","-, ","31.4, ","25, ","0.075, ","150, ","3.00 x 2.75 x 1.00, ","SC-74 ","1 ","260 ","0.0995 ",
"MMQA33VT1G","Active","H Pb   ","General I/O, ","4, ","Unidirectional, ","-, ","31.4, ","25, ","0.075, ","150, ","3.00 x 2.75 x 1.00, ","SC-74 ","1 ","260 ","0.0777 ",
"MMQA5V6T1G","Active","H Pb   ","General I/O, ","4, ","Unidirectional, ","-, ","5.32, ","4, ","2, ","24, ","3.00 x 2.75 x 1.00, ","SC-74 ","1 ","260 ","0.0621 ",
"MMQA5V6T3G","Active","H Pb   ","General I/O, ","4, ","Unidirectional, ","-, ","5.32, ","4, ","2, ","24, ","3.00 x 2.75 x 1.00, ","SC-74 ","1 ","260 ","0.0816 ",
"MMQA6V2T1G","Active","H Pb   ","General I/O, ","4, ","Unidirectional, ","-, ","5.89, ","4, ","0.7, ","150, ","3.00 x 2.75 x 1.00, ","SC-74 ","1 ","260 ","0.0631 ",
"MMQA6V8T1G","Active","H Pb   ","General I/O, ","4, ","Unidirectional, ","250, ","6.46, ","4.3, ","0.5, ","150, ","3.00 x 2.75 x 1.00, ","SC-74 ","1 ","260 ","0.0693 ",
"SZMMQA6V8T1G","Active","H Pb A P ","General I/O, ","4, ","Unidirectional, ","250, ","6.46, ","4.3, ","0.5, ","150, ","3.00 x 2.75 x 1.00, ","SC-74 ","1 ","260 ","0.0995 ",
"MSQA6V1W5T2G","Active","H Pb   ","General I/O, ","4, ","Unidirectional, ","90, ","6.1, ","3, ","11, ","150, ","2.00 x 2.10 x 0.95, ","SC-88A / SC-70-5 ","1 ","260 ","0.04 ",
"NIV1161MTTAG","Active","H Pb A P ","USB 2.0, ","2, ","Unidirectional, ","0.65, ","16.5, ","16, ","1, ","-, ","2.00 x 2.00 x 0.75, ","WDFN-6 ","1 ","260 ","0.3993 ",
"NIS1161MTTAG","Active","H Pb   ","USB 2.0, ","2, ","Unidirectional, ","0.65, ","16.5, ","16, ","1, ","-, ","2.00 x 2.00 x 0.75, ","WDFN-6 ","1 ","260 ","0.51 ",
"NIV1241MTWTAG","Active","H Pb A P ","USB 2.0, ","2, ","Unidirectional, ","0.55, ","24, ","23.5, ","0.5, ","-, ","2.00 x 2.20 x 0.75, ","WDFNW6 2.0x2.2, 0.65P ","1 ","260 ","0.3642 ",
"NIV2161MTTAG","Active","H Pb A P ","USB 2.0, ","2, ","Bidirectional, ","0.65, ","16.5, ","16, ","1, ","-, ","3.50 x 2.00 x 0.75, ","WDFN-10 ","1 ","260 ","0.4015 ",
"SZNSP2201MR6T1G","Active","H Pb A P ","Ethernet (10/100, Gigabit), USB 2.0, ","2, ","Unidirectional, ","5, ","6, ","5, ","1, ","500, ","3.00 x 2.75 x 1.00, ","TSOP-6 ","1 ","260 ","0.1613 ",
"NSP2201MR6T1G","Active","H Pb   ","Ethernet (10/100, Gigabit), USB 2.0, ","2, ","Unidirectional, ","5, ","6, ","5, ","1, ","500, ","3.00 x 2.75 x 1.00, ","TSOP-6 ","1 ","260 ","0.1545 ",
"SZNSP4201MR6T1G","Active","H Pb A P ","Ethernet (10/100, Gigabit), USB 2.0, USB 3.0, ","5, ","Unidirectional, ","5, ","6, ","5, ","1, ","500, ","3.00 x 2.75 x 1.00, ","TSOP-6 ","1 ","260 ","0.2561 ",
"NSP4201MR6T1G","Active","H Pb   ","Ethernet (10/100, Gigabit), USB 2.0, USB 3.0, ","5, ","Unidirectional, ","5, ","6, ","5, ","1, ","500, ","3.00 x 2.75 x 1.00, ","TSOP-6 ","1 ","260 ","0.1519 ",
"NSP8818MUTAG","Active","H Pb   ","Ethernet (10/100, Gigabit), ","8, ","Unidirectional, ","5, ","3.2, ","3, ","0.5, ","-, ","3.50 x 2.00 x 0.50, ","UDFN-10 ","1 ","260 ","0.5251 ",
"NSP8814MUTAG","Active","H Pb   ","Ethernet (10/100, Gigabit), ","4, ","Unidirectional, ","5, ","3.2, ","3, ","0.5, ","-, ","2.20 x 2.00 x 0.50, ","UDFN-8 ","1 ","260 ","0.3209 ",
"NSPM5131MUTBG","Active","H Pb   ","Power Supply Rails, ","1, ","Unidirectional, ","1550, ","13.6, ","13.5, ","1, ","4300, ","1.80 x 2.00 x 0.50, ","UDFN-6 ","1 ","260 ","0.1692 ",
"NSPM8151MUTBG","Active","H Pb   ","Power Supply Rails, ","1, ","Unidirectional, ","1200, ","16, ","15, ","1, ","2500, ","1.80 x 2.00 x 0.50, ","UDFN-6 ","1 ","260 ","0.1471 ",
"NSPM8181MUTBG","Active","H Pb   ","Power Supply Rails, ","1, ","Unidirectional, ","1000, ","20, ","18, ","1, ","3000, ","1.80 x 2.00 x 0.50, ","UDFN-6 ","1 ","260 ","0.1843 ",
"NSPU2101MUT5G","Active","H Pb   ","V<sub>bat</sub>, V<sub>bus</sub>, ","1, ","Unidirectional, ","800, ","11.4, ","10, ","0.1, ","1900, ","1.60 x 1.00 x 0.50, ","UDFN-2 ","1 ","260 ","0.0724 ",
"NSPU2131MUT5G","Active","H Pb   ","V<sub>bat</sub>, V<sub>bus</sub>, ","1, ","Unidirectional, ","650, ","13.6, ","13.5, ","0.5, ","2000, ","1.60 x 1.00 x 0.50, ","UDFN-2 ","1 ","260 ","0.0823 ",
"NSPU5201MUTBG","Active","H Pb   ","General I/O, ","1, ","Unidirectional, ","1550, ","21.7, ","20, ","1, ","4300, ","1.80 x 2.00 x 0.50, ","UDFN-6 ","1 ","260 ","0.1507 ",
"NSQA6V8AW5T2G","Active","H Pb   ","General I/O, ","4, ","Unidirectional, ","15, ","6.4, ","5, ","1, ","20, ","2.00 x 2.10 x 0.95, ","SC-88A / SC-70-5 ","1 ","260 ","0.1465 ",
"SZNSQA6V8AW5T2G","Active","H Pb A P ","General I/O, ","4, ","Unidirectional, ","15, ","6.4, ","5, ","1, ","20, ","2.00 x 2.10 x 0.95, ","SC-88A / SC-70-5 ","1 ","260 ","0.1067 ",
"SZNUP1105LT1G","Active","H Pb A P ","CAN, LIN, ","1, ","Bidirectional, ","30, ","25.7, ","24, ","0.1, ","350, ","2.90 x 2.40 x 1.00, ","SOT-23 (TO-236) 2.90x1.30x1.00, 1.90P ","1 ","260 ","0.0836 ",
"NUP1105LT1G","Active","H Pb   ","CAN, LIN, ","1, ","Bidirectional, ","30, ","25.7, ","24, ","0.1, ","350, ","2.90 x 2.40 x 1.00, ","SOT-23 (TO-236) 2.90x1.30x1.00, 1.90P ","1 ","260 ","0.0827 ",
"SZNUP1301ML3T1G","Active","H Pb A P ","T1/E1, T3/E3, ","1, ","Bidirectional, ","3, ","70, ","70, ","2.5, ","-, ","2.90 x 2.40 x 1.00, ","SOT-23 (TO-236) 2.90x1.30x1.00, 1.90P ","1 ","260 ","0.0541 ",
"NUP1301ML3T1G","Active","H Pb   ","T1/E1, T3/E3, ","1, ","Bidirectional, ","3, ","70, ","70, ","2.5, ","-, ","2.90 x 2.40 x 1.00, ","SOT-23 (TO-236) 2.90x1.30x1.00, 1.90P ","1 ","260 ","0.0613 ",
"NUP2105LT1G","Active","H Pb   ","CAN, ","2, ","Bidirectional, ","30, ","26.2, ","24, ","0.1, ","350, ","2.90 x 2.40 x 1.00, ","SOT-23 (TO-236) 2.90x1.30x1.00, 1.90P ","1 ","260 ","0.06 ",
"SZNUP2105LT3G","Active","H Pb A P ","CAN, ","2, ","Bidirectional, ","30, ","26.2, ","24, ","0.1, ","350, ","2.90 x 2.40 x 1.00, ","SOT-23 (TO-236) 2.90x1.30x1.00, 1.90P ","1 ","260 ","0.0547 ",
"SZNUP2105LT1G","Active","H Pb A P ","CAN, ","2, ","Bidirectional, ","30, ","26.2, ","24, ","0.1, ","350, ","2.90 x 2.40 x 1.00, ","SOT-23 (TO-236) 2.90x1.30x1.00, 1.90P ","1 ","260 ","0.0547 ",
"NUP2114UPXV5T1G","Active","H Pb   ","DVI, HDMI 1.2, USB 2.0, ","2, ","Unidirectional, ","1, ","6, ","5, ","1, ","-, ","1.60 x 1.60 x 0.55, ","SOT-553 ","1 ","260 ","0.096 ",
"SNUP2114UCMR6T1G","Active","H Pb A P ","DVI, HDMI 1.2, USB 2.0, ","2, ","Unidirectional, ","1, ","6, ","5, ","1, ","-, ","3.00 x 2.75 x 1.00, ","TSOP-6 ","1 ","260 ","0.1519 ",
"NUP2114UCMR6T1G","Active","H Pb   ","DVI, HDMI 1.2, USB 2.0, ","2, ","Unidirectional, ","1, ","6, ","5, ","1, ","-, ","3.00 x 2.75 x 1.00, ","TSOP-6 ","1 ","260 ","0.1583 ",
"NUP2115LT1G","Active","H Pb   ","Flexray, ","2, ","Bidirectional, ","10, ","26.2, ","24, ","0.1, ","200, ","2.90 x 2.40 x 1.00, ","SOT-23 (TO-236) 2.90x1.30x1.00, 1.90P ","1 ","260 ","0.1333 ",
"SZNUP2115LT1G","Active","H Pb A P ","Flexray, ","2, ","Bidirectional, ","10, ","26.2, ","24, ","0.1, ","200, ","2.90 x 2.40 x 1.00, ","SOT-23 (TO-236) 2.90x1.30x1.00, 1.90P ","1 ","260 ","0.178 ",
"NUP2115LT3G","Active","H Pb   ","Flexray, ","2, ","Bidirectional, ","10, ","26.2, ","24, ","0.1, ","200, ","2.90 x 2.40 x 1.00, ","SOT-23 (TO-236) 2.90x1.30x1.00, 1.90P ","1 ","260 ","0.1333 ",
"SZNUP2125WTT3G","Active","H Pb A P ","CAN, CAN-FD, LIN, ","2, ","Bidirectional, ","10, ","26.2, ","24, ","0.1, ","-, ","2.00 x 2.10 x 0.90, ","SC-70-3 / SOT-323-3 ","1 ","260 ","0.1113 ",
"SZNUP2125WTT1G","Active","H Pb A P ","CAN-FD, LIN, ","2, ","Bidirectional, ","10, ","26.2, ","24, ","0.1, ","-, ","2.00 x 2.10 x 0.90, ","SC-70-3 / SOT-323-3 ","1 ","260 ","0.1336 ",
"NUP2201MR6T1G","Active"," Pb   ","DVI, USB 2.0, ","2, ","Bidirectional, ","3, ","6, ","5, ","5, ","300, ","3.00 x 2.75 x 1.00, ","TSOP-6 ","1 ","260 ","0.1911 ",
"SZNUP2201MR6T1G","Consult Sales Office"," Pb A P ","DVI, USB 2.0, ","2, ","Bidirectional, ","3, ","6, ","5, ","5, ","300, ","3.00 x 2.75 x 1.00, ","TSOP-6 ","1 ","260 ","0.0 ",
"NUP2202W1T2G","Active"," Pb   ","DVI, HDMI 1.2, USB 2.0, ","2, ","Bidirectional, ","3, ","6, ","5, ","5, ","500, ","2.00 x 2.10 x 1.10, ","SC-88-6 / SC-70-6 / SOT-363-6 ","1 ","260 ","0.2276 ",
"NUP2301MW6T1G","Active","H Pb   ","T1/E1, T3/E3, ","2, ","Bidirectional, ","3, ","70, ","70, ","2.5, ","-, ","2.00 x 2.10 x 1.10, ","SC-88-6 / SC-70-6 / SOT-363-6 ","1 ","260 ","0.0667 ",
"SZNUP2301MW6T1G","Active","H Pb A P ","T1/E1, T3/E3, ","2, ","Bidirectional, ","3, ","70, ","70, ","2.5, ","-, ","2.00 x 2.10 x 1.10, ","SC-88-6 / SC-70-6 / SOT-363-6 ","1 ","260 ","0.0747 ",
"SZNUP3105LT3G","Active","H Pb A P ","CAN, ","2, ","Bidirectional, ","30, ","35.6, ","32, ","0.1, ","350, ","2.90 x 2.40 x 1.00, ","SOT-23 (TO-236) 2.90x1.30x1.00, 1.90P ","1 ","260 ","0.1392 ",
"SZNUP3105LT1G","Active","H Pb A P ","CAN, ","2, ","Bidirectional, ","30, ","35.6, ","32, ","0.1, ","350, ","2.90 x 2.40 x 1.00, ","SOT-23 (TO-236) 2.90x1.30x1.00, 1.90P ","1 ","260 ","0.1392 ",
"NUP3105LT3G","Active","H Pb   ","CAN, ","2, ","Bidirectional, ","30, ","35.6, ","32, ","0.1, ","350, ","2.90 x 2.40 x 1.00, ","SOT-23 (TO-236) 2.90x1.30x1.00, 1.90P ","1 ","260 ","0.1371 ",
"NUP3105LT1G","Active","H Pb   ","CAN, ","2, ","Bidirectional, ","30, ","35.6, ","32, ","0.1, ","350, ","2.90 x 2.40 x 1.00, ","SOT-23 (TO-236) 2.90x1.30x1.00, 1.90P ","1 ","260 ","0.1265 ",
"NUP3115UPMUTAG","Active","H Pb   ","USB 2.0, ","4, ","Bidirectional, ","1, ","6.4, ","5.5, ","1, ","294.4, ","1.60 x 1.60 x 0.50, ","UDFN-6 ","1 ","260 ","0.3204 ",
"SZNUP3125WTT1G","Active","H Pb A P ","CAN, CAN-FD, ","2, ","Bidirectional, ","10, ","35.6, ","32, ","0.1, ","120, ","2.00 x 2.10 x 0.90, ","SC-70-3 / SOT-323-3 ","1 ","260 ","0.0848 ",
"SZNUP3125WTT3G","Active","H Pb A P ","CAN, CAN-FD, ","2, ","Bidirectional, ","10, ","35.6, ","32, ","0.1, ","120, ","2.00 x 2.10 x 0.90, ","SC-70-3 / SOT-323-3 ","1 ","260 ","0.0744 ",
"NUP4004M5T1G","Active","H Pb   ","General I/O, ","4, ","Bidirectional, ","23, ","7, ","5, ","1, ","-, ","3.00 x 2.75 x 1.00, ","TSOP-5 / SOT-23-5 ","3 ","260 ","0.4039 ",
"NUP4060AXV6T1G","Active","H Pb   ","General I/O, ","4, ","Unidirectional, ","10, ","6.2, ","5, ","0.5, ","20, ","1.60 x 1.60 x 0.55, ","SOT-563 ","1 ","260 ","0.4237 ",
"NUP4102XV6T1G","Active, Not Rec","H Pb A  ","-, ","-, ","Bidirectional, ","15, ","13.6, ","12, ","0.1, ","75, ","1.60 x 1.60 x 0.55, ","SOT-563 ","1 ","260 ","0.1483 ",
"NUP4106DR2G","Active"," Pb   ","T1/E1, T3/E3, ","4, ","Unidirectional, ","15, ","5, ","3.3, ","5, ","500, ","4.90 x 6.00 x 1.55, ","SOIC-8 ","1 ","260 ","1.3062 ",
"NUP4108W5T2G","Consult Sales Office","H Pb   ","-, ","-, ","Unidirectional, ","9, ","6.4, ","-, ","1, ","20, ","2.00 x 2.10 x 0.95, ","SC-88A / SC-70-5 ","1 ","260 ","0.08 ",
"NUP4114HMR6T1G","Active","H Pb   ","DVI, HDMI 1.2, HDMI 1.3/1.4, USB 2.0, ","4, ","Unidirectional, ","0.6, ","6, ","5, ","1, ","-, ","3.00 x 2.75 x 1.00, ","TSOP-6 ","1 ","260 ","0.1587 ",
"SZNUP4114HMR6T1G","Active","H Pb A P ","DVI, HDMI 1.2, HDMI 1.3/1.4, USB 2.0, ","4, ","Unidirectional, ","0.6, ","6, ","5.5, ","1, ","-, ","3.00 x 2.75 x 1.00, ","TSOP-6 ","1 ","260 ","0.26 ",
"SZNUP4114UCLW1T2G","Active","H Pb A P ","DVI, HDMI 1.2, HDMI 1.3/1.4, USB 2.0, ","4, ","Unidirectional, ","0.6, ","6, ","5.5, ","1, ","-, ","2.00 x 2.10 x 1.10, ","SC-88-6 / SC-70-6 / SOT-363-6 ","1 ","260 ","0.1687 ",
"NUP4114UPXV6T2G","Active","H Pb   ","DVI, HDMI 1.2, HDMI 1.3/1.4, HDMI 1.3/1.4, USB 2.0, ","4, ","Unidirectional, ","0.6, ","6, ","5, ","1, ","-, ","1.60 x 1.60 x 0.55, ","SOT-563 ","1 ","260 ","0.138 ",
"NUP4114UPXV6T1G","Active","H Pb   ","DVI, HDMI 1.2, HDMI 1.3/1.4, USB 2.0, ","4, ","Unidirectional, ","0.6, ","6, ","5, ","1, ","-, ","1.60 x 1.60 x 0.55, ","SOT-563 ","1 ","260 ","0.1538 ",
"NUP4114UCW1T2G","Active","H Pb   ","DVI, HDMI 1.2, HDMI 1.3/1.4, USB 2.0, ","4, ","Unidirectional, ","0.6, ","6, ","5.5, ","1, ","-, ","2.00 x 2.10 x 1.10, ","SC-88-6 / SC-70-6 / SOT-363-6 ","1 ","260 ","0.0761 ",
"NUP4114UCLW1T2G","Active","H Pb   ","DVI, HDMI 1.2, HDMI 1.3/1.4, USB 2.0, ","4, ","Unidirectional, ","0.6, ","6, ","5.5, ","1, ","-, ","2.00 x 2.10 x 1.10, ","SC-88-6 / SC-70-6 / SOT-363-6 ","1 ","260 ","0.0761 ",
"NUP4201DR2G","Active"," Pb   ","USB 2.0, ","4, ","Unidirectional, ","10, ","6, ","5, ","10, ","500, ","4.90 x 6.00 x 1.55, ","SOIC-8 ","1 ","260 ","0.5568 ",
"NUP4202W1T2G","Active"," Pb   ","DVI, HDMI 1.2, USB 2.0, ","4, ","Bidirectional, ","3, ","6, ","5, ","5, ","500, ","2.00 x 2.10 x 1.10, ","SC-88-6 / SC-70-6 / SOT-363-6 ","1 ","260 ","0.3492 ",
"NUP4301MR6T1G","Active","H Pb   ","USB 2.0, ","4, ","Bidirectional, ","3, ","70, ","-, ","2.5, ","-, ","3.00 x 2.75 x 1.00, ","SC-74 ","1 ","260 ","0.0612 ",
"NUP4302MR6T1G","Active"," Pb   ","DVI, USB 2.0, ","4, ","Bidirectional, ","28, ","30, ","25, ","30, ","0.225, ","3.00 x 2.75 x 1.00, ","TSOP-6 ","1 ","260 ","0.4741 ",
"NUP4304MR6T1G","Active","H Pb   ","USB 2.0, ","4, ","Bidirectional, ","1.5, ","70, ","2.5, ","2.5, ","-, ","3.00 x 2.75 x 1.00, ","SC-74 ","1 ","260 ","0.1107 ",
"NUP45V6P5T5G","Active","H Pb   ","General I/O, ","4, ","Unidirectional, ","11.5, ","5.3, ","3, ","1, ","14, ","1.00 x 1.00 x 0.37, ","SOT-953 ","1 ","260 ","0.1868 ",
"NUP5120X6T1G","Active","H Pb   ","General I/O, ","5, ","Unidirectional, ","70, ","6.2, ","5, ","0.5, ","90, ","1.60 x 1.60 x 0.55, ","SOT-563 ","1 ","260 ","0.0576 ",
"NUP5120X6T2G","Active","H Pb   ","General I/O, ","5, ","Unidirectional, ","70, ","6.2, ","5, ","0.5, ","90, ","1.60 x 1.60 x 0.55, ","SOT-563 ","1 ","260 ","0.0576 ",
"NUP8011MUTAG","Active","H Pb   ","General I/O, ","8, ","Unidirectional, ","14, ","6.47, ","4.3, ","1, ","0.38, ","1.80 x 1.20 x 0.50, ","UDFN-8 ","1 ","260 ","0.3596 ",
"NUP8020X6T1G","Consult Sales Office","H Pb   ","-, ","-, ","Unidirectional, ","70, ","6.2, ","5, ","0.5, ","90, ","1.60 x 1.60 x 0.55, ","SOT-563 ","1 ","260 ","0.1733 ",
"SZNZ8D16V4MX2WT5G","Active","H Pb A P ","General I/O, ","1, ","Bidirectional, ","20, ","15.9, ","13, ","0.01, ","-, ","1.00 x 0.60 x 0.37, ","X2DFNW2 ","1 ","260 ","0.0249 ",
"NZ8D16V4MX2WT5G","Active","H Pb   ","General I/O, ","1, ","Bidirectional, ","20, ","15.9, ","13, ","0.01, ","-, ","1.00 x 0.60 x 0.37, ","X2DFNW2 ","1 ","260 ","0.0227 ",
"NZ8P24VMX2WT5G","Active","H Pb   ","General I/O, ","1, ","Unidirectional, ","22, ","26.3, ","24, ","0.1, ","~NA~, ","1.00 x 0.60 x 0.37, ","X2DFNW2 ","1 ","260 ","0.0 ",
"SZNZ8P15VMX2WT5G","Active","H Pb A P ","General I/O, ","1, ","Unidirectional, ","31, ","17.5, ","15, ","0.1, ","~NA~, ","1.00 x 0.60 x 0.37, ","X2DFNW2 ","1 ","260 ","0.0667 ",
"NZ8P26VMX2WT5G","Active","H Pb   ","General I/O, ","1, ","Unidirectional, ","19, ","32.2, ","26, ","0.1, ","~NA~, ","1.00 x 0.60 x 0.37, ","X2DFNW2 ","1 ","260 ","0.0 ",
"SZNZ8P26VMX2WT5G","Active","H Pb A P ","General I/O, ","1, ","Unidirectional, ","19, ","32.2, ","26, ","0.1, ","~NA~, ","1.00 x 0.60 x 0.37, ","X2DFNW2 ","1 ","260 ","0.0667 ",
"SZNZ8P12VMX2WT5G","Active","H Pb A P ","General I/O, ","1, ","Unidirectional, ","38, ","14.5, ","12, ","0.1, ","~NA~, ","1.00 x 0.60 x 0.37, ","X2DFNW2 ","1 ","260 ","0.0667 ",
"SZNZ8P24VMX2WT5G","Active","H Pb A P ","General I/O, ","1, ","Unidirectional, ","22, ","26.3, ","24, ","0.1, ","~NA~, ","1.00 x 0.60 x 0.37, ","X2DFNW2 ","1 ","260 ","0.0667 ",
"SZNZ8P5V0MX2WT5G","Active","H Pb A P ","General I/O, ","1, ","Unidirectional, ","47, ","6, ","5, ","1, ","~NA~, ","1.00 x 0.60 x 0.37, ","X2DFNW2 ","1 ","260 ","0.0667 ",
"SZNZ8P36VMX2WT5G","Product Preview","H Pb A P ","General I/O, ","1, ","Unidirectional, ","15, ","38.1, ","36, ","0.1, ","~NA~, ","-, ","X2DFNW2 ","- ","260 ","0.0 ",
"NZL5V6AXV3T1G","Active","H Pb   ","General I/O, ","2, ","Unidirectional, ","-, ","5.32, ","3, ","5, ","50, ","1.60 x 1.60 x 0.70, ","SC-89-3 ","1 ","260 ","0.0661 ",
"NZL6V8AXV3T1G","Active","H Pb   ","General I/O, ","2, ","Unidirectional, ","-, ","6.46, ","4.5, ","1, ","73, ","1.60 x 1.60 x 0.70, ","SC-89-3 ","1 ","260 ","0.0644 ",
"NZL7V5AXV3T1G","Active","H Pb   ","General I/O, ","2, ","Unidirectional, ","32.6, ","7.12, ","5, ","1, ","75, ","1.60 x 1.60 x 0.70, ","SC-89-3 ","1 ","260 ","0.0885 ",
"SZNZL7V5AXV3T1G","Active","H Pb A P ","General I/O, ","2, ","Unidirectional, ","32.6, ","7.12, ","5, ","1, ","75, ","1.60 x 1.60 x 0.70, ","SC-89-3 ","1 ","260 ","0.0675 ",
"NZQA5V6XV5T1G","Active","H Pb   ","General I/O, ","4, ","Unidirectional, ","90, ","5.32, ","3, ","1, ","100, ","1.60 x 1.60 x 0.55, ","SOT-553 ","1 ","260 ","0.0987 ",
"NZQA5V6AXV5T1G","Active","H Pb   ","General I/O, ","4, ","Unidirectional, ","11.5, ","5.3, ","3, ","1, ","20, ","1.60 x 1.60 x 0.55, ","SOT-553 ","1 ","260 ","0.1145 ",
"NZQA6V2XV5T1G","Active","H Pb   ","General I/O, ","4, ","Unidirectional, ","80, ","5.89, ","4, ","0.5, ","100, ","1.60 x 1.60 x 0.55, ","SOT-553 ","1 ","260 ","0.08 ",
"NZQA6V8XV5T1G","Active","H Pb   ","General I/O, ","4, ","Unidirectional, ","70, ","6.46, ","4.3, ","0.1, ","100, ","1.60 x 1.60 x 0.55, ","SOT-553 ","1 ","260 ","0.1219 ",
"NZQA6V8AXV5T1G","Active","H Pb   ","General I/O, ","4, ","Unidirectional, ","9.5, ","6.47, ","3, ","1, ","20, ","1.60 x 1.60 x 0.55, ","SOT-553 ","1 ","260 ","0.0767 ",
"PACDN004SR","Consult Sales Office","H Pb A  ","VGA, ","2, ","Unidirectional, ","5, ","-, ","5.5, ","1, ","0.225, ","2.92 x 2.37 x 0.96, ","SOT-123-4 ","1 ","260 ","0.0 ",
"SZPACDN004SR","Consult Sales Office","H Pb A P ","VGA, ","2, ","Unidirectional, ","5, ","-, ","5.5, ","1, ","0.225, ","2.92 x 2.37 x 0.96, ","SOT-143-4 ","1 ","260 ","0.0 ",
"PACDN042Y3R","Active","H Pb   ","USB 2.0, ","2, ","Unidirectional, ","30, ","6.2, ","5, ","0.1, ","0.225, ","2.90 x 2.40 x 1.00, ","SOT-23 (TO-236) 2.90x1.30x1.00, 1.90P ","1 ","260 ","0.0615 ",
"SD05T3G","Active","H Pb   ","General I/O, ","1, ","Unidirectional, ","350, ","6.2, ","5, ","10, ","350, ","2.50 x 1.25 x 0.90, ","SOD-323 ","1 ","260 ","0.0584 ",
"SD05T1G","Active","H Pb   ","General I/O, ","1, ","Unidirectional, ","350, ","6.2, ","5, ","10, ","350, ","2.50 x 1.25 x 0.90, ","SOD-323 ","1 ","260 ","0.0535 ",
"SD12T1G","Active","H Pb   ","General I/O, ","1, ","Unidirectional, ","150, ","13.3, ","12, ","1, ","350, ","2.50 x 1.25 x 0.90, ","SOD-323 ","1 ","260 ","0.0581 ",
"SD12CT1G","Active, Not Rec","H Pb   ","-, ","-, ","Bidirectional, ","64, ","13.3, ","12, ","1, ","350, ","2.50 x 1.25 x 0.90, ","SOD-323 ","1 ","260 ","0.092 ",
"SZSL05T1G","Active","H Pb A P ","General I/O, ","1, ","Unidirectional, ","5, ","6, ","5, ","20, ","300, ","2.90 x 2.40 x 1.00, ","SOT-23 (TO-236) 2.90x1.30x1.00, 1.90P ","1 ","260 ","0.202 ",
"SL05T1G","Active","H Pb   ","General I/O, ","1, ","Unidirectional, ","5, ","6, ","5, ","20, ","300, ","2.90 x 2.40 x 1.00, ","SOT-23 (TO-236) 2.90x1.30x1.00, 1.90P ","1 ","260 ","0.0632 ",
"SL12T1G","Active","H Pb   ","General I/O, ","1, ","Unidirectional, ","5, ","13.3, ","12, ","1, ","300, ","2.90 x 2.40 x 1.00, ","SOT-23 (TO-236) 2.90x1.30x1.00, 1.90P ","1 ","260 ","0.1385 ",
"SL15T1G","Active","H Pb   ","General I/O, ","1, ","Unidirectional, ","5, ","16.7, ","15, ","1, ","300, ","2.90 x 2.40 x 1.00, ","SOT-23 (TO-236) 2.90x1.30x1.00, 1.90P ","1 ","260 ","0.1215 ",
"SZSL15T1G","Active","H Pb A P ","General I/O, ","1, ","Unidirectional, ","5, ","16.7, ","15, ","1, ","300, ","2.90 x 2.40 x 1.00, ","SOT-23 (TO-236) 2.90x1.30x1.00, 1.90P ","1 ","260 ","0.1467 ",
"SL24T1G","Active","H Pb   ","General I/O, ","1, ","Unidirectional, ","5, ","26.7, ","24, ","1, ","300, ","2.90 x 2.40 x 1.00, ","SOT-23 (TO-236) 2.90x1.30x1.00, 1.90P ","1 ","260 ","0.0864 ",
"SZSM05T1G","Active","H Pb A P ","General I/O, ","2, ","Unidirectional, ","225, ","6.2, ","5, ","10, ","300, ","2.90 x 2.40 x 1.00, ","SOT-23 (TO-236) 2.90x1.30x1.00, 1.90P ","1 ","260 ","0.1544 ",
"SM05T1G","Active","H Pb   ","General I/O, ","2, ","Unidirectional, ","225, ","6.2, ","5, ","10, ","300, ","2.90 x 2.40 x 1.00, ","SOT-23 (TO-236) 2.90x1.30x1.00, 1.90P ","1 ","260 ","0.0463 ",
"SM12T1G","Active","H Pb   ","General I/O, ","2, ","Unidirectional, ","95, ","13.3, ","12, ","1, ","300, ","2.90 x 2.40 x 1.00, ","SOT-23 (TO-236) 2.90x1.30x1.00, 1.90P ","1 ","260 ","0.032 ",
"SM15T1G","Active","H Pb   ","General I/O, ","2, ","Unidirectional, ","100, ","16.7, ","15, ","1, ","300, ","2.90 x 2.40 x 1.00, ","SOT-23 (TO-236) 2.90x1.30x1.00, 1.90P ","1 ","260 ","0.1068 ",
"SM24T1G","Active","H Pb   ","General I/O, ","2, ","Unidirectional, ","60, ","26.7, ","24, ","1, ","300, ","2.90 x 2.40 x 1.00, ","SOT-23 (TO-236) 2.90x1.30x1.00, 1.90P ","1 ","260 ","0.0463 ",
"SZSM24T1G","Active","H Pb A P ","General I/O, ","2, ","Unidirectional, ","60, ","26.7, ","24, ","1, ","300, ","2.90 x 2.40 x 1.00, ","SOT-23 (TO-236) 2.90x1.30x1.00, 1.90P ","1 ","260 ","0.0 ",
"SM36T1G","Active","H Pb   ","General I/O, ","2, ","Unidirectional, ","45, ","40, ","36, ","1, ","300, ","2.90 x 2.40 x 1.00, ","SOT-23 (TO-236) 2.90x1.30x1.00, 1.90P ","1 ","260 ","0.0691 ",
"SMDA05CDR2G","Active","H Pb   ","General I/O, ","8, ","Bidirectional, ","350, ","6, ","5, ","20, ","300, ","4.90 x 6.00 x 1.55, ","SOIC-8 ","1 ","260 ","1.2102 ",
"SMDA15CDR2G","Active","H Pb   ","General I/O, ","8, ","Bidirectional, ","75, ","16.7, ","15, ","1, ","300, ","4.90 x 6.00 x 1.55, ","SOIC-8 ","1 ","260 ","1.1393 ",
"SMF05T1G","Active","H Pb   ","General I/O, ","4, ","Unidirectional, ","90, ","6, ","5, ","5, ","200, ","2.00 x 2.10 x 0.95, ","SC-88A / SC-70-5 ","1 ","260 ","0.1275 ",
"SMF15CT1G","Active","H Pb   ","General I/O, ","2, ","Unidirectional, ","45, ","17, ","15, ","1, ","100, ","2.00 x 2.10 x 1.10, ","SC-88-6 / SC-70-6 / SOT-363-6 ","1 ","260 ","0.1021 ",
"SMF12CT1G","Active","H Pb   ","General I/O, ","2, ","Unidirectional, ","60, ","13.3, ","12, ","0.1, ","100, ","2.00 x 2.10 x 1.10, ","SC-88-6 / SC-70-6 / SOT-363-6 ","1 ","260 ","0.0979 ",
"SMF05CT1G","Active","H Pb   ","General I/O, ","2, ","Unidirectional, ","130, ","6.2, ","5, ","5, ","100, ","2.00 x 2.10 x 1.10, ","SC-88-6 / SC-70-6 / SOT-363-6 ","1 ","260 ","0.0737 ",
"SMF05CT2G","Active","H Pb   ","General I/O, ","2, ","Unidirectional, ","130, ","6.2, ","5, ","5, ","100, ","2.00 x 2.10 x 1.10, ","SC-88-6 / SC-70-6 / SOT-363-6 ","1 ","260 ","0.0959 ",
"SZSMF12CT1G","Active","H Pb A P ","General I/O, ","2, ","Unidirectional, ","60, ","13.3, ","12, ","0.1, ","100, ","2.00 x 2.10 x 1.10, ","SC-88-6 / SC-70-6 / SOT-363-6 ","1 ","260 ","0.0871 ",
"SMS05T1G","Active","H Pb   ","General I/O, ","4, ","Unidirectional, ","400, ","6, ","5, ","20, ","350, ","3.00 x 2.75 x 1.00, ","SC-74 ","1 ","260 ","0.1108 ",
"SMS15T1G","Active","H Pb   ","General I/O, ","4, ","Unidirectional, ","125, ","16.7, ","15, ","1, ","350, ","3.00 x 2.75 x 1.00, ","SC-74 ","1 ","260 ","0.1007 ",
"SZSMS15T1G","Active","H Pb A P ","General I/O, ","4, ","Unidirectional, ","125, ","16.7, ","15, ","1, ","350, ","3.00 x 2.75 x 1.00, ","SC-74 ","1 ","260 ","0.0 ",
"SMS12T1G","Active","H Pb   ","General I/O, ","4, ","Unidirectional, ","150, ","13.3, ","12, ","1, ","350, ","3.00 x 2.75 x 1.00, ","SC-74 ","1 ","260 ","0.1007 ",
"SMS24T1G","Active","H Pb   ","General I/O, ","4, ","Unidirectional, ","75, ","26.7, ","24, ","1, ","350, ","3.00 x 2.75 x 1.00, ","SC-74 ","1 ","260 ","0.1007 ",
"SZSMS24T1G","Active","H Pb A P ","General I/O, ","4, ","Unidirectional, ","75, ","26.7, ","24, ","1, ","350, ","3.00 x 2.75 x 1.00, ","SC-74 ","1 ","260 ","0.1576 ",
"SZSMS24CT1G","Active","H Pb A P ","General I/O, ","5, ","Unidirectional, ","75, ","26.7, ","24, ","1, ","350, ","3.00 x 2.75 x 1.00, ","TSOP-6 ","1 ","260 ","0.1232 ",
"SMS05CT1G","Active","H Pb   ","General I/O, ","5, ","Unidirectional, ","400, ","6.2, ","5, ","5, ","350, ","3.00 x 2.75 x 1.00, ","TSOP-6 ","1 ","260 ","0.0953 ",
"SMS24CT1G","Active","H Pb   ","General I/O, ","5, ","Unidirectional, ","75, ","26.7, ","24, ","1, ","350, ","3.00 x 2.75 x 1.00, ","TSOP-6 ","1 ","260 ","0.1172 ",
"SMS15CT1G","Active","H Pb   ","General I/O, ","5, ","Unidirectional, ","125, ","17, ","15, ","1, ","350, ","3.00 x 2.75 x 1.00, ","TSOP-6 ","1 ","260 ","0.1107 ",
"SRDA05-4R2G","Active"," Pb   ","T1/E1, T3/E3, ","4, ","Bidirectional, ","8, ","6, ","5, ","10, ","500, ","4.90 x 6.00 x 1.55, ","SOIC-8 ","1 ","260 ","0.4839 ",
"SRDA3.3-4DR2G","Active"," Pb   ","T1/E1, T3/E3, ","4, ","Unidirectional, ","15, ","5, ","3.3, ","5, ","500, ","4.90 x 6.00 x 1.55, ","SOIC-8 ","1 ","260 ","0.4736 ",
"SRV05-4MR6T1G","Active"," Pb   ","DVI, General I/O, USB 2.0, ","6, ","Unidirectional, ","5, ","6, ","5, ","5, ","300, ","3.00 x 2.75 x 1.00, ","TSOP-6 ","1 ","260 ","1.0198 ",
"SZESD9901MX2WT5G","Active","H Pb A P ","OPEN Alliance Ethernet, ","1, ","Bidirectional, ","2.6, ","~NA~, ","25, ","0.2, ","~NA~, ","1.00 x 0.60 x 0.37, ","X2DFNW2 ","1 ","260 ","0.0404 ",
"SZESD9902MLT1G","Active","H Pb A P ","OPEN Alliance Ethernet, ","2, ","Bidirectional, ","2.6, ","~NA~, ","35, ","0.2, ","~NA~, ","2.90 x 2.40 x 1.00, ","SOT-23 (TO-236) 2.90x1.30x1.00, 1.90P ","1 ","260 ","0.0647 ",
"SZMMQA27VT1G","Active","H Pb A P ","-, ","-, ","-, ","-, ","25.7, ","28.4, ","0.075, ","24, ","3.00 x 2.75 x 1.00, ","SC-74 ","1 ","260 ","0.0995 ",
"SZNSP8814LMTWTAG","Active","H Pb A P ","Ethernet (10/100, Gigabit), ","4, ","Unidirectional, ","5, ","3.2, ","3, ","0.5, ","-, ","3.00 x 2.00 x 0.75, ","WDFNW10 3.0x2.0, 0.65P ","1 ","260 ","0.4 ",
"UESD3.3DT5G","Active","H Pb   ","General I/O, ","2, ","Unidirectional, ","47, ","5, ","3.3, ","1, ","0.24, ","1.20 x 1.20 x 0.50, ","SOT-723-3 ","1 ","260 ","0.0747 ",
"SZUESD3.3DT5G","Active","H Pb A P ","General I/O, ","2, ","Unidirectional, ","47, ","5, ","3.3, ","1, ","0.24, ","1.20 x 1.20 x 0.50, ","SOT-723-3 ","1 ","260 ","0.0908 ",
"UESD5.0DT5G","Active","H Pb   ","General I/O, ","2, ","Unidirectional, ","38, ","6.2, ","5, ","0.1, ","0.24, ","1.20 x 1.20 x 0.50, ","SOT-723-3 ","1 ","260 ","0.0747 ",
"UESD6.0DT5G","Active","H Pb   ","General I/O, ","2, ","Unidirectional, ","34, ","7, ","6, ","0.1, ","31.7, ","1.20 x 1.20 x 0.50, ","SOT-723-3 ","1 ","260 ","0.0747 ",
